"command","provincia","comune","foglio","particella","subalterno","tipo_catasto","codice_fiscale","vista","sezione","source_files","scope_note"
"visura-storica","PV","ALAGNA","4","468","","F","","analitica","","","PVP sales 1 (4236103); Storica Analitica visura per immobile - Catasto Fabbricati."
"visura-storica","PV","ALAGNA","4","468","","T","","analitica","","","PVP sales 1 (4236103); Storica Analitica visura per immobile - Catasto Terreni."
"visura-storica","PV","ALAGNA","4","468","2","F","","analitica","","","PVP sales 1 (4236103); Storica Analitica visura per immobile - Catasto Fabbricati."
"visura-storica","PV","ALAGNA","4","468","6","F","","analitica","","","PVP sales 1 (4236103); Storica Analitica visura per immobile - Catasto Fabbricati."
"visura-storica","PV","ALAGNA","4","468","7","F","","analitica","","","PVP sales 1 (4236103); Storica Analitica visura per immobile - Catasto Fabbricati."
"visura-storica","PV","ARENA PO","17","721","1","F","","analitica","","","PVP sales 1 (4499956); Storica Analitica visura per immobile - Catasto Fabbricati."
"visura-storica","PV","ARENA PO","17","721","2","F","","analitica","","","PVP sales 1 (4499956); Storica Analitica visura per immobile - Catasto Fabbricati."
"visura-storica","PV","ARENA PO","17","721","4","F","","analitica","","","PVP sales 1 (4499956); Storica Analitica visura per immobile - Catasto Fabbricati."
"visura-storica","PV","ARENA PO","17","721","5","F","","analitica","","","PVP sales 1 (4499956); Storica Analitica visura per immobile - Catasto Fabbricati."
"visura-storica","PV","ARENA PO","17","721","6","F","","analitica","","","PVP sales 1 (4499956); Storica Analitica visura per immobile - Catasto Fabbricati."
"visura-storica","PV","ARENA PO","23","401","","F","","analitica","","","PVP sales 1 (4500021); Storica Analitica visura per immobile - Catasto Fabbricati."
"visura-storica","PV","ARENA PO","23","401","","T","","analitica","","","PVP sales 1 (4500021); Storica Analitica visura per immobile - Catasto Terreni."
"visura-storica","PV","BASCAPÈ","6","175","2","F","","analitica","","","PVP sales 1 (2173315); Storica Analitica visura per immobile - Catasto Fabbricati."
"visura-storica","PV","BASCAPÈ","6","175","3","F","","analitica","","","PVP sales 1 (2173315); Storica Analitica visura per immobile - Catasto Fabbricati."
"visura-storica","PV","BELGIOIOSO","5","1357","","F","","analitica","","","PVP sales 1 (4528726); Storica Analitica visura per immobile - Catasto Fabbricati."
"visura-storica","PV","BELGIOIOSO","5","1357","","T","","analitica","","","PVP sales 1 (4528726); Storica Analitica visura per immobile - Catasto Terreni."
"visura-storica","PV","BELGIOIOSO","5","1358","10","F","","analitica","","","PVP sales 1 (4528726); Storica Analitica visura per immobile - Catasto Fabbricati."
"visura-storica","PV","BELGIOIOSO","5","1358","11","F","","analitica","","","PVP sales 1 (4528726); Storica Analitica visura per immobile - Catasto Fabbricati."
"visura-storica","PV","BELGIOIOSO","5","1358","12","F","","analitica","","","PVP sales 1 (4528726); Storica Analitica visura per immobile - Catasto Fabbricati."
"visura-storica","PV","BELGIOIOSO","5","1358","13","F","","analitica","","","PVP sales 1 (4528726); Storica Analitica visura per immobile - Catasto Fabbricati."
"visura-storica","PV","BELGIOIOSO","5","1358","14","F","","analitica","","","PVP sales 1 (4528726); Storica Analitica visura per immobile - Catasto Fabbricati."
"visura-storica","PV","BELGIOIOSO","5","1358","15","F","","analitica","","","PVP sales 1 (4528726); Storica Analitica visura per immobile - Catasto Fabbricati."
"visura-storica","PV","BELGIOIOSO","5","1358","16","F","","analitica","","","PVP sales 1 (4528726); Storica Analitica visura per immobile - Catasto Fabbricati."
"visura-storica","PV","BELGIOIOSO","5","1358","17","F","","analitica","","","PVP sales 1 (4528726); Storica Analitica visura per immobile - Catasto Fabbricati."
"visura-storica","PV","BELGIOIOSO","5","1358","18","F","","analitica","","","PVP sales 1 (4528726); Storica Analitica visura per immobile - Catasto Fabbricati."
"visura-storica","PV","BELGIOIOSO","5","1358","19","F","","analitica","","","PVP sales 1 (4528726); Storica Analitica visura per immobile - Catasto Fabbricati."
"visura-storica","PV","BELGIOIOSO","5","1358","2","F","","analitica","","","PVP sales 1 (4528726); Storica Analitica visura per immobile - Catasto Fabbricati."
"visura-storica","PV","BELGIOIOSO","5","1358","20","F","","analitica","","","PVP sales 1 (4528726); Storica Analitica visura per immobile - Catasto Fabbricati."
"visura-storica","PV","BELGIOIOSO","5","1358","25","F","","analitica","","","PVP sales 1 (4528726); Storica Analitica visura per immobile - Catasto Fabbricati."
"visura-storica","PV","BELGIOIOSO","5","1358","26","F","","analitica","","","PVP sales 1 (4528726); Storica Analitica visura per immobile - Catasto Fabbricati."
"visura-storica","PV","BELGIOIOSO","5","1358","3","F","","analitica","","","PVP sales 1 (4528726); Storica Analitica visura per immobile - Catasto Fabbricati."
"visura-storica","PV","BELGIOIOSO","5","1358","4","F","","analitica","","","PVP sales 1 (4528726); Storica Analitica visura per immobile - Catasto Fabbricati."
"visura-storica","PV","BELGIOIOSO","5","1358","5","F","","analitica","","","PVP sales 1 (4528726); Storica Analitica visura per immobile - Catasto Fabbricati."
"visura-storica","PV","BELGIOIOSO","5","1358","6","F","","analitica","","","PVP sales 1 (4528726); Storica Analitica visura per immobile - Catasto Fabbricati."
"visura-storica","PV","BELGIOIOSO","5","1358","7","F","","analitica","","","PVP sales 1 (4528726); Storica Analitica visura per immobile - Catasto Fabbricati."
"visura-storica","PV","BELGIOIOSO","5","1358","8","F","","analitica","","","PVP sales 1 (4528726); Storica Analitica visura per immobile - Catasto Fabbricati."
"visura-storica","PV","BELGIOIOSO","5","1358","9","F","","analitica","","","PVP sales 1 (4528726); Storica Analitica visura per immobile - Catasto Fabbricati."
"visura-storica","PV","BELGIOIOSO","5","1359","","F","","analitica","","","PVP sales 1 (4528726); Storica Analitica visura per immobile - Catasto Fabbricati."
"visura-storica","PV","BELGIOIOSO","5","1359","","T","","analitica","","","PVP sales 1 (4528726); Storica Analitica visura per immobile - Catasto Terreni."
"visura-storica","PV","BELGIOIOSO","5","247","","F","","analitica","","","PVP sales 1 (4528726); Storica Analitica visura per immobile - Catasto Fabbricati."
"visura-storica","PV","BELGIOIOSO","5","247","","T","","analitica","","","PVP sales 1 (4528726); Storica Analitica visura per immobile - Catasto Terreni."
"visura-storica","PV","BELGIOIOSO","5","248","","F","","analitica","","","PVP sales 1 (4528726); Storica Analitica visura per immobile - Catasto Fabbricati."
"visura-storica","PV","BELGIOIOSO","5","248","","T","","analitica","","","PVP sales 1 (4528726); Storica Analitica visura per immobile - Catasto Terreni."
"visura-storica","PV","BORGO PRIOLO","14","37","10","F","","analitica","","","PVP sales 3 (4444945,4482190,4553760); Storica Analitica visura per immobile - Catasto Fabbricati."
"visura-storica","PV","BORGO PRIOLO","14","37","9","F","","analitica","","","PVP sales 3 (4444942,4482188,4553758); Storica Analitica visura per immobile - Catasto Fabbricati."
"visura-storica","PV","BORGORATTO MORMOROLO","13","368","3","F","","analitica","","","PVP sales 3 (2078123,2191255,4267496); Storica Analitica visura per immobile - Catasto Fabbricati."
"visura-storica","PV","BORGORATTO MORMOROLO","13","368","5","F","","analitica","","","PVP sales 3 (2078123,2191255,4267496); Storica Analitica visura per immobile - Catasto Fabbricati."
"visura-storica","PV","BORGORATTO MORMOROLO","13","368","6","F","","analitica","","","PVP sales 3 (2078123,2191255,4267496); Storica Analitica visura per immobile - Catasto Fabbricati."
"visura-storica","PV","BORGORATTO MORMOROLO","13","501","","F","","analitica","","","PVP sales 3 (2078123,2191255,4267496); Storica Analitica visura per immobile - Catasto Fabbricati."
"visura-storica","PV","BORGORATTO MORMOROLO","13","501","","T","","analitica","","","PVP sales 3 (2078123,2191255,4267496); Storica Analitica visura per immobile - Catasto Terreni."
"visura-storica","PV","BORGORATTO MORMOROLO","13","503","","F","","analitica","","","PVP sales 3 (2078123,2191255,4267496); Storica Analitica visura per immobile - Catasto Fabbricati."
"visura-storica","PV","BORGORATTO MORMOROLO","13","503","","T","","analitica","","","PVP sales 3 (2078123,2191255,4267496); Storica Analitica visura per immobile - Catasto Terreni."
"visura-storica","PV","BORGORATTO MORMOROLO","13","505","","F","","analitica","","","PVP sales 3 (2078123,2191255,4267496); Storica Analitica visura per immobile - Catasto Fabbricati."
"visura-storica","PV","BORGORATTO MORMOROLO","13","505","","T","","analitica","","","PVP sales 3 (2078123,2191255,4267496); Storica Analitica visura per immobile - Catasto Terreni."
"visura-storica","PV","BRESSANA BOTTARONE","3","308","29","F","","analitica","","","PVP sales 1 (4440821); Storica Analitica visura per immobile - Catasto Fabbricati."
"visura-storica","PV","BRESSANA BOTTARONE","3","308","3","F","","analitica","","","PVP sales 1 (4440821); Storica Analitica visura per immobile - Catasto Fabbricati."
"visura-storica","PV","BRESSANA BOTTARONE","3","308","30","F","","analitica","","","PVP sales 1 (4440822); Storica Analitica visura per immobile - Catasto Fabbricati."
"visura-storica","PV","CANDIA LOMELLINA","15","3554","2","F","","analitica","","","PVP sales 1 (954388); Storica Analitica visura per immobile - Catasto Fabbricati."
"visura-storica","PV","CANDIA LOMELLINA","15","3554","3","F","","analitica","","","PVP sales 1 (954388); Storica Analitica visura per immobile - Catasto Fabbricati."
"visura-storica","PV","CANDIA LOMELLINA","15","3744","2","F","","analitica","","","PVP sales 1 (1203870); Storica Analitica visura per immobile - Catasto Fabbricati."
"visura-storica","PV","CANDIA LOMELLINA","15","3744","3","F","","analitica","","","PVP sales 1 (1203870); Storica Analitica visura per immobile - Catasto Fabbricati."
"visura-storica","PV","CASTANA","22","266","","F","","analitica","","","PVP sales 1 (1647956); Storica Analitica visura per immobile - Catasto Fabbricati."
"visura-storica","PV","CASTANA","22","266","","T","","analitica","","","PVP sales 1 (1647956); Storica Analitica visura per immobile - Catasto Terreni."
"visura-storica","PV","CASTANA","22","517","","F","","analitica","","","PVP sales 1 (1647956); Storica Analitica visura per immobile - Catasto Fabbricati."
"visura-storica","PV","CASTANA","22","517","","T","","analitica","","","PVP sales 1 (1647956); Storica Analitica visura per immobile - Catasto Terreni."
"visura-storica","PV","CASTANA","22","519","","F","","analitica","","","PVP sales 1 (1647956); Storica Analitica visura per immobile - Catasto Fabbricati."
"visura-storica","PV","CASTANA","22","519","","T","","analitica","","","PVP sales 1 (1647956); Storica Analitica visura per immobile - Catasto Terreni."
"visura-storica","PV","CASTEGGIO","10","1882","19","F","","analitica","","","PVP sales 1 (4233991); Storica Analitica visura per immobile - Catasto Fabbricati."
"visura-storica","PV","CASTEGGIO","10","1882","36","F","","analitica","","","PVP sales 1 (4233969); Storica Analitica visura per immobile - Catasto Fabbricati."
"visura-storica","PV","CASTEGGIO","10","1882","46","F","","analitica","","","PVP sales 1 (4233991); Storica Analitica visura per immobile - Catasto Fabbricati."
"visura-storica","PV","CASTEGGIO","10","1882","49","F","","analitica","","","PVP sales 1 (4233969); Storica Analitica visura per immobile - Catasto Fabbricati."
"visura-storica","PV","CERTOSA DI PAVIA","2","99","","F","","analitica","C","","PVP sales 1 (4500278); Storica Analitica visura per immobile - Catasto Fabbricati."
"visura-storica","PV","CERTOSA DI PAVIA","2","99","","T","","analitica","C","","PVP sales 1 (4500278); Storica Analitica visura per immobile - Catasto Terreni."
"visura-storica","PV","CHIGNOLO PO","1","547","","F","","analitica","","","PVP sales 2 (4515611,4574180); Storica Analitica visura per immobile - Catasto Fabbricati."
"visura-storica","PV","CHIGNOLO PO","1","547","","T","","analitica","","","PVP sales 2 (4515611,4574180); Storica Analitica visura per immobile - Catasto Terreni."
"visura-storica","PV","CHIGNOLO PO","15","1227","2","F","","analitica","","","PVP sales 1 (1647543); Storica Analitica visura per immobile - Catasto Fabbricati."
"visura-storica","PV","CHIGNOLO PO","15","1227","3","F","","analitica","","","PVP sales 1 (1647543); Storica Analitica visura per immobile - Catasto Fabbricati."
"visura-storica","PV","CHIGNOLO PO","4","1364","1","F","","analitica","","","PVP sales 1 (2076906); Storica Analitica visura per immobile - Catasto Fabbricati."
"visura-storica","PV","CILAVEGNA","5","2186","","F","","analitica","","","PVP sales 1 (806625); Storica Analitica visura per immobile - Catasto Fabbricati."
"visura-storica","PV","CILAVEGNA","5","2186","","T","","analitica","","","PVP sales 1 (806625); Storica Analitica visura per immobile - Catasto Terreni."
"visura-storica","PV","CILAVEGNA","5","332","","F","","analitica","","","PVP sales 1 (806625); Storica Analitica visura per immobile - Catasto Fabbricati."
"visura-storica","PV","CILAVEGNA","5","332","","T","","analitica","","","PVP sales 1 (806625); Storica Analitica visura per immobile - Catasto Terreni."
"visura-storica","PV","COLLI VERDI","19","270","","F","","analitica","","","PVP sales 1 (2009029); Storica Analitica visura per immobile - Catasto Fabbricati."
"visura-storica","PV","COLLI VERDI","19","270","","T","","analitica","","","PVP sales 1 (2009029); Storica Analitica visura per immobile - Catasto Terreni."
"visura-storica","PV","COLLI VERDI","19","272","","F","","analitica","","","PVP sales 1 (2009029); Storica Analitica visura per immobile - Catasto Fabbricati."
"visura-storica","PV","COLLI VERDI","19","272","","T","","analitica","","","PVP sales 1 (2009029); Storica Analitica visura per immobile - Catasto Terreni."
"visura-storica","PV","COLLI VERDI","19","288","","F","","analitica","","","PVP sales 1 (2009029); Storica Analitica visura per immobile - Catasto Fabbricati."
"visura-storica","PV","COLLI VERDI","19","288","","T","","analitica","","","PVP sales 1 (2009029); Storica Analitica visura per immobile - Catasto Terreni."
"visura-storica","PV","COLLI VERDI","19","309","","F","","analitica","","","PVP sales 1 (2009029); Storica Analitica visura per immobile - Catasto Fabbricati."
"visura-storica","PV","COLLI VERDI","19","309","","T","","analitica","","","PVP sales 1 (2009029); Storica Analitica visura per immobile - Catasto Terreni."
"visura-storica","PV","COLLI VERDI","19","310","","F","","analitica","","","PVP sales 1 (2009029); Storica Analitica visura per immobile - Catasto Fabbricati."
"visura-storica","PV","COLLI VERDI","19","310","","T","","analitica","","","PVP sales 1 (2009029); Storica Analitica visura per immobile - Catasto Terreni."
"visura-storica","PV","COLLI VERDI","20","117","","F","","analitica","","","PVP sales 1 (2009029); Storica Analitica visura per immobile - Catasto Fabbricati."
"visura-storica","PV","COLLI VERDI","20","117","","T","","analitica","","","PVP sales 1 (2009029); Storica Analitica visura per immobile - Catasto Terreni."
"visura-storica","PV","COLLI VERDI","21","102","","F","","analitica","","","PVP sales 1 (2009029); Storica Analitica visura per immobile - Catasto Fabbricati."
"visura-storica","PV","COLLI VERDI","21","102","","T","","analitica","","","PVP sales 1 (2009029); Storica Analitica visura per immobile - Catasto Terreni."
"visura-storica","PV","COLLI VERDI","21","103","","F","","analitica","","","PVP sales 1 (2009029); Storica Analitica visura per immobile - Catasto Fabbricati."
"visura-storica","PV","COLLI VERDI","21","103","","T","","analitica","","","PVP sales 1 (2009029); Storica Analitica visura per immobile - Catasto Terreni."
"visura-storica","PV","CONFIENZA","26","1017","","F","","analitica","","","PVP sales 3 (1867576,2078140,2181715); Storica Analitica visura per immobile - Catasto Fabbricati."
"visura-storica","PV","CONFIENZA","26","1017","","T","","analitica","","","PVP sales 3 (1867576,2078140,2181715); Storica Analitica visura per immobile - Catasto Terreni."
"visura-storica","PV","CONFIENZA","26","2139","2","F","","analitica","","","PVP sales 3 (1867576,2078140,2181715); Storica Analitica visura per immobile - Catasto Fabbricati."
"visura-storica","PV","CONFIENZA","26","2139","3","F","","analitica","","","PVP sales 3 (1867576,2078140,2181715); Storica Analitica visura per immobile - Catasto Fabbricati."
"visura-storica","PV","CONFIENZA","26","2139","4","F","","analitica","","","PVP sales 3 (1867576,2078140,2181715); Storica Analitica visura per immobile - Catasto Fabbricati."
"visura-storica","PV","CONFIENZA","26","2139","5","F","","analitica","","","PVP sales 3 (1867576,2078140,2181715); Storica Analitica visura per immobile - Catasto Fabbricati."
"visura-storica","PV","CONFIENZA","7","32","","F","","analitica","","","PVP sales 3 (1867576,2078140,2181715); Storica Analitica visura per immobile - Catasto Fabbricati."
"visura-storica","PV","CONFIENZA","7","32","","T","","analitica","","","PVP sales 3 (1867576,2078140,2181715); Storica Analitica visura per immobile - Catasto Terreni."
"visura-storica","PV","CONFIENZA","7","33","","F","","analitica","","","PVP sales 3 (1867576,2078140,2181715); Storica Analitica visura per immobile - Catasto Fabbricati."
"visura-storica","PV","CONFIENZA","7","33","","T","","analitica","","","PVP sales 3 (1867576,2078140,2181715); Storica Analitica visura per immobile - Catasto Terreni."
"visura-storica","PV","FRASCAROLO","22","152","5","F","","analitica","","","PVP sales 1 (4439556); Storica Analitica visura per immobile - Catasto Fabbricati."
"visura-storica","PV","FRASCAROLO","22","159","4","F","","analitica","","","PVP sales 1 (4439556); Storica Analitica visura per immobile - Catasto Fabbricati."
"visura-storica","PV","GARLASCO","20","318","","F","","analitica","","","PVP sales 1 (2166420); Storica Analitica visura per immobile - Catasto Fabbricati."
"visura-storica","PV","GARLASCO","20","318","","T","","analitica","","","PVP sales 1 (2166420); Storica Analitica visura per immobile - Catasto Terreni."
"visura-storica","PV","GARLASCO","20","756","","F","","analitica","","","PVP sales 1 (2166420); Storica Analitica visura per immobile - Catasto Fabbricati."
"visura-storica","PV","GARLASCO","20","756","","T","","analitica","","","PVP sales 1 (2166420); Storica Analitica visura per immobile - Catasto Terreni."
"visura-storica","PV","GARLASCO","20","757","","F","","analitica","","","PVP sales 1 (2166420); Storica Analitica visura per immobile - Catasto Fabbricati."
"visura-storica","PV","GARLASCO","20","757","","T","","analitica","","","PVP sales 1 (2166420); Storica Analitica visura per immobile - Catasto Terreni."
"visura-storica","PV","GARLASCO","20","758","","F","","analitica","","","PVP sales 1 (2166420); Storica Analitica visura per immobile - Catasto Fabbricati."
"visura-storica","PV","GARLASCO","20","758","","T","","analitica","","","PVP sales 1 (2166420); Storica Analitica visura per immobile - Catasto Terreni."
"visura-storica","PV","GARLASCO","20","759","","F","","analitica","","","PVP sales 1 (2166420); Storica Analitica visura per immobile - Catasto Fabbricati."
"visura-storica","PV","GARLASCO","20","759","","T","","analitica","","","PVP sales 1 (2166420); Storica Analitica visura per immobile - Catasto Terreni."
"visura-storica","PV","GARLASCO","20","760","","F","","analitica","","","PVP sales 1 (2166420); Storica Analitica visura per immobile - Catasto Fabbricati."
"visura-storica","PV","GARLASCO","20","760","","T","","analitica","","","PVP sales 1 (2166420); Storica Analitica visura per immobile - Catasto Terreni."
"visura-storica","PV","GARLASCO","20","792","","F","","analitica","","","PVP sales 1 (2166420); Storica Analitica visura per immobile - Catasto Fabbricati."
"visura-storica","PV","GARLASCO","20","792","","T","","analitica","","","PVP sales 1 (2166420); Storica Analitica visura per immobile - Catasto Terreni."
"visura-storica","PV","GARLASCO","20","793","","F","","analitica","","","PVP sales 1 (2166420); Storica Analitica visura per immobile - Catasto Fabbricati."
"visura-storica","PV","GARLASCO","20","793","","T","","analitica","","","PVP sales 1 (2166420); Storica Analitica visura per immobile - Catasto Terreni."
"visura-storica","PV","GERENZAGO","2","1591","","F","","analitica","","","PVP sales 1 (1985181); Storica Analitica visura per immobile - Catasto Fabbricati."
"visura-storica","PV","GERENZAGO","2","1591","","T","","analitica","","","PVP sales 1 (1985181); Storica Analitica visura per immobile - Catasto Terreni."
"visura-storica","PV","GIUSSAGO","4","504","3","F","","analitica","","","PVP sales 1 (744563); Storica Analitica visura per immobile - Catasto Fabbricati."
"visura-storica","PV","GIUSSAGO","5","586","5","F","","analitica","","","PVP sales 2 (917854,1407589); Storica Analitica visura per immobile - Catasto Fabbricati."
"visura-storica","PV","GODIASCO SALICE TERME","10","1018","3","F","","analitica","","","PVP sales 1 (4463287); Storica Analitica visura per immobile - Catasto Fabbricati."
"visura-storica","PV","GODIASCO SALICE TERME","14","678","","F","","analitica","","","PVP sales 4 (4424551,4475085,4512923,4558235); Storica Analitica visura per immobile - Catasto Fabbricati."
"visura-storica","PV","GODIASCO SALICE TERME","14","678","","T","","analitica","","","PVP sales 4 (4424551,4475085,4512923,4558235); Storica Analitica visura per immobile - Catasto Terreni."
"visura-storica","PV","GOLFERENZO","3","920","","F","","analitica","","","PVP sales 1 (646087); Storica Analitica visura per immobile - Catasto Fabbricati."
"visura-storica","PV","GOLFERENZO","3","920","","T","","analitica","","","PVP sales 1 (646087); Storica Analitica visura per immobile - Catasto Terreni."
"visura-storica","PV","GOLFERENZO","3","923","","F","","analitica","","","PVP sales 1 (646087); Storica Analitica visura per immobile - Catasto Fabbricati."
"visura-storica","PV","GOLFERENZO","3","923","","T","","analitica","","","PVP sales 1 (646087); Storica Analitica visura per immobile - Catasto Terreni."
"visura-storica","PV","GROPELLO CAIROLI","19","1943","","F","","analitica","","","PVP sales 4 (4412973,4455865,4509942,4561655); Storica Analitica visura per immobile - Catasto Fabbricati."
"visura-storica","PV","GROPELLO CAIROLI","19","1943","","T","","analitica","","","PVP sales 4 (4412973,4455865,4509942,4561655); Storica Analitica visura per immobile - Catasto Terreni."
"visura-storica","PV","GROPELLO CAIROLI","19","261","","F","","analitica","","","PVP sales 4 (4412973,4455865,4509942,4561655); Storica Analitica visura per immobile - Catasto Fabbricati."
"visura-storica","PV","GROPELLO CAIROLI","19","261","","T","","analitica","","","PVP sales 4 (4412973,4455865,4509942,4561655); Storica Analitica visura per immobile - Catasto Terreni."
"visura-storica","PV","GROPELLO CAIROLI","19","620","","F","","analitica","","","PVP sales 4 (4412973,4455865,4509942,4561655); Storica Analitica visura per immobile - Catasto Fabbricati."
"visura-storica","PV","GROPELLO CAIROLI","19","620","","T","","analitica","","","PVP sales 4 (4412973,4455865,4509942,4561655); Storica Analitica visura per immobile - Catasto Terreni."
"visura-storica","PV","INVERNO E MONTELEONE","1","563","","F","","analitica","","","PVP sales 1 (4217506); Storica Analitica visura per immobile - Catasto Fabbricati."
"visura-storica","PV","INVERNO E MONTELEONE","1","563","","T","","analitica","","","PVP sales 1 (4217506); Storica Analitica visura per immobile - Catasto Terreni."
"visura-storica","PV","INVERNO E MONTELEONE","2","1248","","F","","analitica","","","PVP sales 2 (4223676,4550758); Storica Analitica visura per immobile - Catasto Fabbricati."
"visura-storica","PV","INVERNO E MONTELEONE","2","1248","","T","","analitica","","","PVP sales 2 (4223676,4550758); Storica Analitica visura per immobile - Catasto Terreni."
"visura-storica","PV","INVERNO E MONTELEONE","2","1249","","F","","analitica","","","PVP sales 1 (4550758); Storica Analitica visura per immobile - Catasto Fabbricati."
"visura-storica","PV","INVERNO E MONTELEONE","2","1249","","T","","analitica","","","PVP sales 1 (4550758); Storica Analitica visura per immobile - Catasto Terreni."
"visura-storica","PV","INVERNO E MONTELEONE","2","1263","","F","","analitica","","","PVP sales 2 (4223647,4568271); Storica Analitica visura per immobile - Catasto Fabbricati."
"visura-storica","PV","INVERNO E MONTELEONE","2","1263","","T","","analitica","","","PVP sales 2 (4223647,4568271); Storica Analitica visura per immobile - Catasto Terreni."
"visura-storica","PV","INVERNO E MONTELEONE","2","1273","","F","","analitica","","","PVP sales 2 (4223685,4223689); Storica Analitica visura per immobile - Catasto Fabbricati."
"visura-storica","PV","INVERNO E MONTELEONE","2","1273","","T","","analitica","","","PVP sales 2 (4223685,4223689); Storica Analitica visura per immobile - Catasto Terreni."
"visura-storica","PV","LARDIRAGO","6","56","","F","","analitica","","","PVP sales 1 (4345070); Storica Analitica visura per immobile - Catasto Fabbricati."
"visura-storica","PV","LARDIRAGO","6","56","","T","","analitica","","","PVP sales 1 (4345070); Storica Analitica visura per immobile - Catasto Terreni."
"visura-storica","PV","MEDE","16","1991","16","F","","analitica","","","PVP sales 1 (935124); Storica Analitica visura per immobile - Catasto Fabbricati."
"visura-storica","PV","MEDE","21","263","","F","","analitica","","","PVP sales 1 (4443468); Storica Analitica visura per immobile - Catasto Fabbricati."
"visura-storica","PV","MEDE","21","263","","T","","analitica","","","PVP sales 1 (4443468); Storica Analitica visura per immobile - Catasto Terreni."
"visura-storica","PV","MONTESCANO","2","266","1","F","","analitica","","","PVP sales 1 (618048); Storica Analitica visura per immobile - Catasto Fabbricati."
"visura-storica","PV","MONTESCANO","2","266","2","F","","analitica","","","PVP sales 1 (618048); Storica Analitica visura per immobile - Catasto Fabbricati."
"visura-storica","PV","MONTÙ BECCARIA","10","135","","F","","analitica","","","PVP sales 1 (1615415); Storica Analitica visura per immobile - Catasto Fabbricati."
"visura-storica","PV","MONTÙ BECCARIA","10","135","","T","","analitica","","","PVP sales 1 (1615415); Storica Analitica visura per immobile - Catasto Terreni."
"visura-storica","PV","MONTÙ BECCARIA","10","136","","F","","analitica","","","PVP sales 1 (1615415); Storica Analitica visura per immobile - Catasto Fabbricati."
"visura-storica","PV","MONTÙ BECCARIA","10","136","","T","","analitica","","","PVP sales 1 (1615415); Storica Analitica visura per immobile - Catasto Terreni."
"visura-storica","PV","MONTÙ BECCARIA","10","163","2","F","","analitica","","","PVP sales 1 (1615415); Storica Analitica visura per immobile - Catasto Fabbricati."
"visura-storica","PV","MONTÙ BECCARIA","10","163","4","F","","analitica","","","PVP sales 1 (1615415); Storica Analitica visura per immobile - Catasto Fabbricati."
"visura-storica","PV","MONTÙ BECCARIA","10","164","","F","","analitica","","","PVP sales 1 (1615415); Storica Analitica visura per immobile - Catasto Fabbricati."
"visura-storica","PV","MONTÙ BECCARIA","10","164","","T","","analitica","","","PVP sales 1 (1615415); Storica Analitica visura per immobile - Catasto Terreni."
"visura-storica","PV","MONTÙ BECCARIA","10","868","","F","","analitica","","","PVP sales 1 (1615415); Storica Analitica visura per immobile - Catasto Fabbricati."
"visura-storica","PV","MONTÙ BECCARIA","10","868","","T","","analitica","","","PVP sales 1 (1615415); Storica Analitica visura per immobile - Catasto Terreni."
"visura-storica","PV","MONTÙ BECCARIA","11","350","","F","","analitica","","","PVP sales 1 (1615415); Storica Analitica visura per immobile - Catasto Fabbricati."
"visura-storica","PV","MONTÙ BECCARIA","11","350","","T","","analitica","","","PVP sales 1 (1615415); Storica Analitica visura per immobile - Catasto Terreni."
"visura-storica","PV","MONTÙ BECCARIA","11","351","","F","","analitica","","","PVP sales 1 (1615415); Storica Analitica visura per immobile - Catasto Fabbricati."
"visura-storica","PV","MONTÙ BECCARIA","11","351","","T","","analitica","","","PVP sales 1 (1615415); Storica Analitica visura per immobile - Catasto Terreni."
"visura-storica","PV","MORTARA","15","1012","","F","","analitica","","","PVP sales 1 (4211955); Storica Analitica visura per immobile - Catasto Fabbricati."
"visura-storica","PV","MORTARA","15","1012","","T","","analitica","","","PVP sales 1 (4211955); Storica Analitica visura per immobile - Catasto Terreni."
"visura-storica","PV","MORTARA","16","293","11","F","","analitica","","","PVP sales 2 (4447265,4519679); Storica Analitica visura per immobile - Catasto Fabbricati."
"visura-storica","PV","MORTARA","17","2220","8","F","","analitica","","","PVP sales 1 (1544180); Storica Analitica visura per immobile - Catasto Fabbricati."
"visura-storica","PV","MORTARA","27","262","","F","","analitica","","","PVP sales 1 (4211944); Storica Analitica visura per immobile - Catasto Fabbricati."
"visura-storica","PV","MORTARA","27","262","","T","","analitica","","","PVP sales 1 (4211944); Storica Analitica visura per immobile - Catasto Terreni."
"visura-storica","PV","PALESTRO","22","1845","","F","","analitica","","","PVP sales 3 (2221929,2249421,2249437); Storica Analitica visura per immobile - Catasto Fabbricati."
"visura-storica","PV","PALESTRO","22","1845","","T","","analitica","","","PVP sales 3 (2221929,2249421,2249437); Storica Analitica visura per immobile - Catasto Terreni."
"visura-storica","PV","PALESTRO","4","1136","","F","","analitica","","","PVP sales 1 (806543); Storica Analitica visura per immobile - Catasto Fabbricati."
"visura-storica","PV","PALESTRO","4","1136","","T","","analitica","","","PVP sales 1 (806543); Storica Analitica visura per immobile - Catasto Terreni."
"visura-storica","PV","PALESTRO","4","1184","4","F","","analitica","","","PVP sales 1 (4495708); Storica Analitica visura per immobile - Catasto Fabbricati."
"visura-storica","PV","PALESTRO","4","1184","5","F","","analitica","","","PVP sales 1 (4495708); Storica Analitica visura per immobile - Catasto Fabbricati."
"visura-storica","PV","PALESTRO","4","948","","F","","analitica","","","PVP sales 1 (4495699); Storica Analitica visura per immobile - Catasto Fabbricati."
"visura-storica","PV","PALESTRO","4","948","","T","","analitica","","","PVP sales 1 (4495699); Storica Analitica visura per immobile - Catasto Terreni."
"visura-storica","PV","PALESTRO","5","3","","F","","analitica","","","PVP sales 1 (2221988); Storica Analitica visura per immobile - Catasto Fabbricati."
"visura-storica","PV","PALESTRO","5","3","","T","","analitica","","","PVP sales 1 (2221988); Storica Analitica visura per immobile - Catasto Terreni."
"visura-storica","PV","PALESTRO","5","382","1","F","","analitica","","","PVP sales 4 (2082923,2143523,2209087,4261799); Storica Analitica visura per immobile - Catasto Fabbricati."
"visura-storica","PV","PAVIA","11","1663","509","F","","analitica","","","PVP sales 6 (972163,1095608,1522605,1701372,1943209 +1 more); Storica Analitica visura per immobile - Catasto Fabbricati."
"visura-storica","PV","PAVIA","5","1566","65","F","","analitica","","","PVP sales 4 (2086119,2152222,2201506,2241699); Storica Analitica visura per immobile - Catasto Fabbricati."
"visura-storica","PV","PAVIA","5","1566","66","F","","analitica","","","PVP sales 4 (2086119,2152222,2201506,2241699); Storica Analitica visura per immobile - Catasto Fabbricati."
"visura-storica","PV","PAVIA","5","1566","67","F","","analitica","","","PVP sales 3 (2152242,2201506,2241699); Storica Analitica visura per immobile - Catasto Fabbricati."
"visura-storica","PV","PAVIA","5","1566","68","F","","analitica","","","PVP sales 3 (2152242,2201506,2241699); Storica Analitica visura per immobile - Catasto Fabbricati."
"visura-storica","PV","PAVIA","5","1566","69","F","","analitica","","","PVP sales 3 (2086121,2201506,2241699); Storica Analitica visura per immobile - Catasto Fabbricati."
"visura-storica","PV","PAVIA","5","1566","70","F","","analitica","","","PVP sales 3 (2086121,2201506,2241699); Storica Analitica visura per immobile - Catasto Fabbricati."
"visura-storica","PV","PAVIA","5","1566","71","F","","analitica","","","PVP sales 4 (2086122,2152243,2201506,2241699); Storica Analitica visura per immobile - Catasto Fabbricati."
"visura-storica","PV","PAVIA","5","1566","72","F","","analitica","","","PVP sales 4 (2086122,2152243,2201506,2241699); Storica Analitica visura per immobile - Catasto Fabbricati."
"visura-storica","PV","PAVIA","5","1566","73","F","","analitica","","","PVP sales 4 (2086122,2152243,2201506,2241699); Storica Analitica visura per immobile - Catasto Fabbricati."
"visura-storica","PV","PIEVE DEL CAIRO","30","1462","","F","","analitica","","","PVP sales 1 (806632); Storica Analitica visura per immobile - Catasto Fabbricati."
"visura-storica","PV","PIEVE DEL CAIRO","30","1462","","T","","analitica","","","PVP sales 1 (806632); Storica Analitica visura per immobile - Catasto Terreni."
"visura-storica","PV","PIEVE DEL CAIRO","30","1462","3","F","","analitica","","","PVP sales 1 (2024503); Storica Analitica visura per immobile - Catasto Fabbricati."
"visura-storica","PV","PIEVE DEL CAIRO","30","1462","5","F","","analitica","","","PVP sales 1 (2024503); Storica Analitica visura per immobile - Catasto Fabbricati."
"visura-storica","PV","PIEVE PORTO MORONE","4","1651","","F","","analitica","","","PVP sales 3 (4409569,4479056,4517108); Storica Analitica visura per immobile - Catasto Fabbricati."
"visura-storica","PV","PIEVE PORTO MORONE","4","1651","","T","","analitica","","","PVP sales 3 (4409569,4479056,4517108); Storica Analitica visura per immobile - Catasto Terreni."
"visura-storica","PV","PIEVE PORTO MORONE","4","1659","","F","","analitica","","","PVP sales 3 (4409569,4479056,4517108); Storica Analitica visura per immobile - Catasto Fabbricati."
"visura-storica","PV","PIEVE PORTO MORONE","4","1659","","T","","analitica","","","PVP sales 3 (4409569,4479056,4517108); Storica Analitica visura per immobile - Catasto Terreni."
"visura-storica","PV","PIEVE PORTO MORONE","4","1660","","F","","analitica","","","PVP sales 3 (4409569,4479056,4517108); Storica Analitica visura per immobile - Catasto Fabbricati."
"visura-storica","PV","PIEVE PORTO MORONE","4","1660","","T","","analitica","","","PVP sales 3 (4409569,4479056,4517108); Storica Analitica visura per immobile - Catasto Terreni."
"visura-storica","PV","PIEVE PORTO MORONE","4","1663","","F","","analitica","","","PVP sales 3 (4409569,4479056,4517108); Storica Analitica visura per immobile - Catasto Fabbricati."
"visura-storica","PV","PIEVE PORTO MORONE","4","1663","","T","","analitica","","","PVP sales 3 (4409569,4479056,4517108); Storica Analitica visura per immobile - Catasto Terreni."
"visura-storica","PV","PIEVE PORTO MORONE","4","1664","","F","","analitica","","","PVP sales 3 (4409569,4479056,4517108); Storica Analitica visura per immobile - Catasto Fabbricati."
"visura-storica","PV","PIEVE PORTO MORONE","4","1664","","T","","analitica","","","PVP sales 3 (4409569,4479056,4517108); Storica Analitica visura per immobile - Catasto Terreni."
"visura-storica","PV","PIEVE PORTO MORONE","4","1666","","F","","analitica","","","PVP sales 3 (4409569,4479056,4517108); Storica Analitica visura per immobile - Catasto Fabbricati."
"visura-storica","PV","PIEVE PORTO MORONE","4","1666","","T","","analitica","","","PVP sales 3 (4409569,4479056,4517108); Storica Analitica visura per immobile - Catasto Terreni."
"visura-storica","PV","PIEVE PORTO MORONE","4","1668","","F","","analitica","","","PVP sales 3 (4409569,4479056,4517108); Storica Analitica visura per immobile - Catasto Fabbricati."
"visura-storica","PV","PIEVE PORTO MORONE","4","1668","","T","","analitica","","","PVP sales 3 (4409569,4479056,4517108); Storica Analitica visura per immobile - Catasto Terreni."
"visura-storica","PV","PIEVE PORTO MORONE","4","1671","","F","","analitica","","","PVP sales 3 (4409569,4479056,4517108); Storica Analitica visura per immobile - Catasto Fabbricati."
"visura-storica","PV","PIEVE PORTO MORONE","4","1671","","T","","analitica","","","PVP sales 3 (4409569,4479056,4517108); Storica Analitica visura per immobile - Catasto Terreni."
"visura-storica","PV","PIEVE PORTO MORONE","4","1675","","F","","analitica","","","PVP sales 3 (4409569,4479056,4517108); Storica Analitica visura per immobile - Catasto Fabbricati."
"visura-storica","PV","PIEVE PORTO MORONE","4","1675","","T","","analitica","","","PVP sales 3 (4409569,4479056,4517108); Storica Analitica visura per immobile - Catasto Terreni."
"visura-storica","PV","PIEVE PORTO MORONE","4","1695","","F","","analitica","","","PVP sales 3 (4409569,4479056,4517108); Storica Analitica visura per immobile - Catasto Fabbricati."
"visura-storica","PV","PIEVE PORTO MORONE","4","1695","","T","","analitica","","","PVP sales 3 (4409569,4479056,4517108); Storica Analitica visura per immobile - Catasto Terreni."
"visura-storica","PV","PINAROLO PO","10","1212","13","F","","analitica","","","PVP sales 1 (1018519); Storica Analitica visura per immobile - Catasto Fabbricati."
"visura-storica","PV","PINAROLO PO","10","1212","14","F","","analitica","","","PVP sales 1 (1018519); Storica Analitica visura per immobile - Catasto Fabbricati."
"visura-storica","PV","PINAROLO PO","10","1212","19","F","","analitica","","","PVP sales 1 (1018519); Storica Analitica visura per immobile - Catasto Fabbricati."
"visura-storica","PV","PORTALBERA","1","295","","F","","analitica","","","PVP sales 1 (1239513); Storica Analitica visura per immobile - Catasto Fabbricati."
"visura-storica","PV","PORTALBERA","1","295","","T","","analitica","","","PVP sales 1 (1239513); Storica Analitica visura per immobile - Catasto Terreni."
"visura-storica","PV","PORTALBERA","5","1642","","F","","analitica","","","PVP sales 2 (589004,1239513); Storica Analitica visura per immobile - Catasto Fabbricati."
"visura-storica","PV","PORTALBERA","5","1642","","T","","analitica","","","PVP sales 2 (589004,1239513); Storica Analitica visura per immobile - Catasto Terreni."
"visura-storica","PV","PORTALBERA","5","3495","","F","","analitica","","","PVP sales 3 (589004,1239513,1437704); Storica Analitica visura per immobile - Catasto Fabbricati."
"visura-storica","PV","PORTALBERA","5","3495","","T","","analitica","","","PVP sales 3 (589004,1239513,1437704); Storica Analitica visura per immobile - Catasto Terreni."
"visura-storica","PV","SAN CIPRIANO PO","10","802","2","F","","analitica","","","PVP sales 1 (4444072); Storica Analitica visura per immobile - Catasto Fabbricati."
"visura-storica","PV","SAN CIPRIANO PO","10","802","4","F","","analitica","","","PVP sales 1 (4444072); Storica Analitica visura per immobile - Catasto Fabbricati."
"visura-storica","PV","SAN GIORGIO DI LOMELLINA","23","2292","","F","","analitica","","","PVP sales 1 (806601); Storica Analitica visura per immobile - Catasto Fabbricati."
"visura-storica","PV","SAN GIORGIO DI LOMELLINA","23","2292","","T","","analitica","","","PVP sales 1 (806601); Storica Analitica visura per immobile - Catasto Terreni."
"visura-storica","PV","SAN GIORGIO DI LOMELLINA","23","2293","","F","","analitica","","","PVP sales 1 (806601); Storica Analitica visura per immobile - Catasto Fabbricati."
"visura-storica","PV","SAN GIORGIO DI LOMELLINA","23","2293","","T","","analitica","","","PVP sales 1 (806601); Storica Analitica visura per immobile - Catasto Terreni."
"visura-storica","PV","SAN MARTINO SICCOMARIO","13","1644","","F","","analitica","","","PVP sales 1 (2161129); Storica Analitica visura per immobile - Catasto Fabbricati."
"visura-storica","PV","SAN MARTINO SICCOMARIO","13","1644","","T","","analitica","","","PVP sales 1 (2161129); Storica Analitica visura per immobile - Catasto Terreni."
"visura-storica","PV","SAN MARTINO SICCOMARIO","13","1644","1","F","","analitica","","","PVP sales 3 (1801855,1923266,2101960); Storica Analitica visura per immobile - Catasto Fabbricati."
"visura-storica","PV","SAN MARTINO SICCOMARIO","13","1644","2","F","","analitica","","","PVP sales 2 (1923266,2101960); Storica Analitica visura per immobile - Catasto Fabbricati."
"visura-storica","PV","SAN MARTINO SICCOMARIO","13","1879","14","F","","analitica","","","PVP sales 1 (1923266); Storica Analitica visura per immobile - Catasto Fabbricati."
"visura-storica","PV","SAN MARTINO SICCOMARIO","13","1879","15","F","","analitica","","","PVP sales 1 (1923266); Storica Analitica visura per immobile - Catasto Fabbricati."
"visura-storica","PV","SAN MARTINO SICCOMARIO","13","793","","F","","analitica","","","PVP sales 2 (1801855,2161129); Storica Analitica visura per immobile - Catasto Fabbricati."
"visura-storica","PV","SAN MARTINO SICCOMARIO","13","793","","T","","analitica","","","PVP sales 2 (1801855,2161129); Storica Analitica visura per immobile - Catasto Terreni."
"visura-storica","PV","SAN MARTINO SICCOMARIO","13","793","2","F","","analitica","","","PVP sales 2 (1923266,2101960); Storica Analitica visura per immobile - Catasto Fabbricati."
"visura-storica","PV","SAN MARTINO SICCOMARIO","3","1123","","F","","analitica","","","PVP sales 2 (4434237,4494431); Storica Analitica visura per immobile - Catasto Fabbricati."
"visura-storica","PV","SAN MARTINO SICCOMARIO","3","1123","","T","","analitica","","","PVP sales 2 (4434237,4494431); Storica Analitica visura per immobile - Catasto Terreni."
"visura-storica","PV","SANNAZZARO DE' BURGONDI","11","420","12","F","","analitica","","","PVP sales 3 (4424567,4475069,4512925); Storica Analitica visura per immobile - Catasto Fabbricati."
"visura-storica","PV","SANNAZZARO DE' BURGONDI","11","420","13","F","","analitica","","","PVP sales 3 (4424567,4475069,4512925); Storica Analitica visura per immobile - Catasto Fabbricati."
"visura-storica","PV","SANNAZZARO DE' BURGONDI","11","420","14","F","","analitica","","","PVP sales 3 (4424567,4475069,4512925); Storica Analitica visura per immobile - Catasto Fabbricati."
"visura-storica","PV","SANNAZZARO DE' BURGONDI","11","420","16","F","","analitica","","","PVP sales 3 (4424567,4475069,4512925); Storica Analitica visura per immobile - Catasto Fabbricati."
"visura-storica","PV","SANNAZZARO DE' BURGONDI","11","420","19","F","","analitica","","","PVP sales 3 (4424567,4475069,4512925); Storica Analitica visura per immobile - Catasto Fabbricati."
"visura-storica","PV","SANNAZZARO DE' BURGONDI","11","420","20","F","","analitica","","","PVP sales 3 (4424567,4475069,4512925); Storica Analitica visura per immobile - Catasto Fabbricati."
"visura-storica","PV","SANNAZZARO DE' BURGONDI","11","420","21","F","","analitica","","","PVP sales 3 (4424567,4475069,4512925); Storica Analitica visura per immobile - Catasto Fabbricati."
"visura-storica","PV","SANNAZZARO DE' BURGONDI","11","420","22","F","","analitica","","","PVP sales 3 (4424567,4475069,4512925); Storica Analitica visura per immobile - Catasto Fabbricati."
"visura-storica","PV","SANNAZZARO DE' BURGONDI","11","420","23","F","","analitica","","","PVP sales 3 (4424567,4475069,4512925); Storica Analitica visura per immobile - Catasto Fabbricati."
"visura-storica","PV","SANNAZZARO DE' BURGONDI","11","420","24","F","","analitica","","","PVP sales 3 (4424567,4475069,4512925); Storica Analitica visura per immobile - Catasto Fabbricati."
"visura-storica","PV","SANNAZZARO DE' BURGONDI","11","420","26","F","","analitica","","","PVP sales 3 (4424567,4475069,4512925); Storica Analitica visura per immobile - Catasto Fabbricati."
"visura-storica","PV","SANNAZZARO DE' BURGONDI","11","420","5","F","","analitica","","","PVP sales 3 (4424567,4475069,4512925); Storica Analitica visura per immobile - Catasto Fabbricati."
"visura-storica","PV","SANNAZZARO DE' BURGONDI","7","128","4","F","","analitica","","","PVP sales 2 (1977499,2078200); Storica Analitica visura per immobile - Catasto Fabbricati."
"visura-storica","PV","SANNAZZARO DE' BURGONDI","7","128","5","F","","analitica","","","PVP sales 2 (1143315,2078205); Storica Analitica visura per immobile - Catasto Fabbricati."
"visura-storica","PV","SANT'ALESSIO CON VIALONE","3","932","","F","","analitica","","","PVP sales 1 (1985441); Storica Analitica visura per immobile - Catasto Fabbricati."
"visura-storica","PV","SANT'ALESSIO CON VIALONE","3","932","","T","","analitica","","","PVP sales 1 (1985441); Storica Analitica visura per immobile - Catasto Terreni."
"visura-storica","PV","SANTA GIULETTA","1","20","","F","","analitica","","","PVP sales 1 (2020018); Storica Analitica visura per immobile - Catasto Fabbricati."
"visura-storica","PV","SANTA GIULETTA","1","20","","T","","analitica","","","PVP sales 1 (2020018); Storica Analitica visura per immobile - Catasto Terreni."
"visura-storica","PV","SANTA GIULETTA","1","21","","F","","analitica","","","PVP sales 1 (2020018); Storica Analitica visura per immobile - Catasto Fabbricati."
"visura-storica","PV","SANTA GIULETTA","1","21","","T","","analitica","","","PVP sales 1 (2020018); Storica Analitica visura per immobile - Catasto Terreni."
"visura-storica","PV","SANTA GIULETTA","1","23","","F","","analitica","","","PVP sales 1 (2020018); Storica Analitica visura per immobile - Catasto Fabbricati."
"visura-storica","PV","SANTA GIULETTA","1","23","","T","","analitica","","","PVP sales 1 (2020018); Storica Analitica visura per immobile - Catasto Terreni."
"visura-storica","PV","SANTA GIULETTA","1","24","","F","","analitica","","","PVP sales 1 (2020018); Storica Analitica visura per immobile - Catasto Fabbricati."
"visura-storica","PV","SANTA GIULETTA","1","24","","T","","analitica","","","PVP sales 1 (2020018); Storica Analitica visura per immobile - Catasto Terreni."
"visura-storica","PV","SANTA GIULETTA","1","25","","F","","analitica","","","PVP sales 1 (2020018); Storica Analitica visura per immobile - Catasto Fabbricati."
"visura-storica","PV","SANTA GIULETTA","1","25","","T","","analitica","","","PVP sales 1 (2020018); Storica Analitica visura per immobile - Catasto Terreni."
"visura-storica","PV","SANTA GIULETTA","1","26","","F","","analitica","","","PVP sales 1 (2020018); Storica Analitica visura per immobile - Catasto Fabbricati."
"visura-storica","PV","SANTA GIULETTA","1","26","","T","","analitica","","","PVP sales 1 (2020018); Storica Analitica visura per immobile - Catasto Terreni."
"visura-storica","PV","SANTA GIULETTA","1","27","","F","","analitica","","","PVP sales 1 (2020018); Storica Analitica visura per immobile - Catasto Fabbricati."
"visura-storica","PV","SANTA GIULETTA","1","27","","T","","analitica","","","PVP sales 1 (2020018); Storica Analitica visura per immobile - Catasto Terreni."
"visura-storica","PV","SANTA GIULETTA","1","28","","F","","analitica","","","PVP sales 1 (2020018); Storica Analitica visura per immobile - Catasto Fabbricati."
"visura-storica","PV","SANTA GIULETTA","1","28","","T","","analitica","","","PVP sales 1 (2020018); Storica Analitica visura per immobile - Catasto Terreni."
"visura-storica","PV","SANTA GIULETTA","1","35","","F","","analitica","","","PVP sales 1 (2020018); Storica Analitica visura per immobile - Catasto Fabbricati."
"visura-storica","PV","SANTA GIULETTA","1","35","","T","","analitica","","","PVP sales 1 (2020018); Storica Analitica visura per immobile - Catasto Terreni."
"visura-storica","PV","SANTA GIULETTA","1","36","","F","","analitica","","","PVP sales 1 (2020018); Storica Analitica visura per immobile - Catasto Fabbricati."
"visura-storica","PV","SANTA GIULETTA","1","36","","T","","analitica","","","PVP sales 1 (2020018); Storica Analitica visura per immobile - Catasto Terreni."
"visura-storica","PV","SANTA GIULETTA","1","37","","F","","analitica","","","PVP sales 1 (2020018); Storica Analitica visura per immobile - Catasto Fabbricati."
"visura-storica","PV","SANTA GIULETTA","1","37","","T","","analitica","","","PVP sales 1 (2020018); Storica Analitica visura per immobile - Catasto Terreni."
"visura-storica","PV","SANTA GIULETTA","1","38","","F","","analitica","","","PVP sales 1 (2020018); Storica Analitica visura per immobile - Catasto Fabbricati."
"visura-storica","PV","SANTA GIULETTA","1","38","","T","","analitica","","","PVP sales 1 (2020018); Storica Analitica visura per immobile - Catasto Terreni."
"visura-storica","PV","SANTA GIULETTA","1","51","","F","","analitica","","","PVP sales 1 (2020018); Storica Analitica visura per immobile - Catasto Fabbricati."
"visura-storica","PV","SANTA GIULETTA","1","51","","T","","analitica","","","PVP sales 1 (2020018); Storica Analitica visura per immobile - Catasto Terreni."
"visura-storica","PV","SANTA GIULETTA","1","52","","F","","analitica","","","PVP sales 1 (2020018); Storica Analitica visura per immobile - Catasto Fabbricati."
"visura-storica","PV","SANTA GIULETTA","1","52","","T","","analitica","","","PVP sales 1 (2020018); Storica Analitica visura per immobile - Catasto Terreni."
"visura-storica","PV","SANTA GIULETTA","1","53","","F","","analitica","","","PVP sales 1 (2020018); Storica Analitica visura per immobile - Catasto Fabbricati."
"visura-storica","PV","SANTA GIULETTA","1","53","","T","","analitica","","","PVP sales 1 (2020018); Storica Analitica visura per immobile - Catasto Terreni."
"visura-storica","PV","SANTA GIULETTA","1","64","","F","","analitica","","","PVP sales 1 (2020018); Storica Analitica visura per immobile - Catasto Fabbricati."
"visura-storica","PV","SANTA GIULETTA","1","64","","T","","analitica","","","PVP sales 1 (2020018); Storica Analitica visura per immobile - Catasto Terreni."
"visura-storica","PV","SANTA GIULETTA","1","73","","F","","analitica","","","PVP sales 1 (2020018); Storica Analitica visura per immobile - Catasto Fabbricati."
"visura-storica","PV","SANTA GIULETTA","1","73","","T","","analitica","","","PVP sales 1 (2020018); Storica Analitica visura per immobile - Catasto Terreni."
"visura-storica","PV","SANTA GIULETTA","1","75","","F","","analitica","","","PVP sales 1 (2020018); Storica Analitica visura per immobile - Catasto Fabbricati."
"visura-storica","PV","SANTA GIULETTA","1","75","","T","","analitica","","","PVP sales 1 (2020018); Storica Analitica visura per immobile - Catasto Terreni."
"visura-storica","PV","SANTA GIULETTA","4","110","","F","","analitica","","","PVP sales 1 (2020018); Storica Analitica visura per immobile - Catasto Fabbricati."
"visura-storica","PV","SANTA GIULETTA","4","110","","T","","analitica","","","PVP sales 1 (2020018); Storica Analitica visura per immobile - Catasto Terreni."
"visura-storica","PV","SANTA GIULETTA","4","12","","F","","analitica","","","PVP sales 1 (2020018); Storica Analitica visura per immobile - Catasto Fabbricati."
"visura-storica","PV","SANTA GIULETTA","4","12","","T","","analitica","","","PVP sales 1 (2020018); Storica Analitica visura per immobile - Catasto Terreni."
"visura-storica","PV","SANTA GIULETTA","4","123","","F","","analitica","","","PVP sales 1 (2020018); Storica Analitica visura per immobile - Catasto Fabbricati."
"visura-storica","PV","SANTA GIULETTA","4","123","","T","","analitica","","","PVP sales 1 (2020018); Storica Analitica visura per immobile - Catasto Terreni."
"visura-storica","PV","SANTA GIULETTA","4","127","","F","","analitica","","","PVP sales 1 (2020018); Storica Analitica visura per immobile - Catasto Fabbricati."
"visura-storica","PV","SANTA GIULETTA","4","127","","T","","analitica","","","PVP sales 1 (2020018); Storica Analitica visura per immobile - Catasto Terreni."
"visura-storica","PV","SANTA GIULETTA","4","128","","F","","analitica","","","PVP sales 1 (2020018); Storica Analitica visura per immobile - Catasto Fabbricati."
"visura-storica","PV","SANTA GIULETTA","4","128","","T","","analitica","","","PVP sales 1 (2020018); Storica Analitica visura per immobile - Catasto Terreni."
"visura-storica","PV","SANTA GIULETTA","4","13","","F","","analitica","","","PVP sales 1 (2020018); Storica Analitica visura per immobile - Catasto Fabbricati."
"visura-storica","PV","SANTA GIULETTA","4","13","","T","","analitica","","","PVP sales 1 (2020018); Storica Analitica visura per immobile - Catasto Terreni."
"visura-storica","PV","SANTA GIULETTA","4","136","","F","","analitica","","","PVP sales 1 (2020018); Storica Analitica visura per immobile - Catasto Fabbricati."
"visura-storica","PV","SANTA GIULETTA","4","136","","T","","analitica","","","PVP sales 1 (2020018); Storica Analitica visura per immobile - Catasto Terreni."
"visura-storica","PV","SANTA GIULETTA","4","14","","F","","analitica","","","PVP sales 1 (2020018); Storica Analitica visura per immobile - Catasto Fabbricati."
"visura-storica","PV","SANTA GIULETTA","4","14","","T","","analitica","","","PVP sales 1 (2020018); Storica Analitica visura per immobile - Catasto Terreni."
"visura-storica","PV","SANTA GIULETTA","4","16","","F","","analitica","","","PVP sales 1 (2020018); Storica Analitica visura per immobile - Catasto Fabbricati."
"visura-storica","PV","SANTA GIULETTA","4","16","","T","","analitica","","","PVP sales 1 (2020018); Storica Analitica visura per immobile - Catasto Terreni."
"visura-storica","PV","SANTA GIULETTA","4","17","","F","","analitica","","","PVP sales 1 (2020018); Storica Analitica visura per immobile - Catasto Fabbricati."
"visura-storica","PV","SANTA GIULETTA","4","17","","T","","analitica","","","PVP sales 1 (2020018); Storica Analitica visura per immobile - Catasto Terreni."
"visura-storica","PV","SANTA GIULETTA","4","322","1","F","","analitica","","","PVP sales 2 (2020014,2109537); Storica Analitica visura per immobile - Catasto Fabbricati."
"visura-storica","PV","SANTA GIULETTA","4","322","2","F","","analitica","","","PVP sales 2 (2020014,2109537); Storica Analitica visura per immobile - Catasto Fabbricati."
"visura-storica","PV","SANTA GIULETTA","4","322","3","F","","analitica","","","PVP sales 2 (2020014,2109537); Storica Analitica visura per immobile - Catasto Fabbricati."
"visura-storica","PV","SANTA GIULETTA","4","322","4","F","","analitica","","","PVP sales 2 (2020014,2109537); Storica Analitica visura per immobile - Catasto Fabbricati."
"visura-storica","PV","SANTA GIULETTA","4","41","","F","","analitica","","","PVP sales 1 (2020018); Storica Analitica visura per immobile - Catasto Fabbricati."
"visura-storica","PV","SANTA GIULETTA","4","41","","T","","analitica","","","PVP sales 1 (2020018); Storica Analitica visura per immobile - Catasto Terreni."
"visura-storica","PV","SANTA GIULETTA","4","42","","F","","analitica","","","PVP sales 1 (2020018); Storica Analitica visura per immobile - Catasto Fabbricati."
"visura-storica","PV","SANTA GIULETTA","4","42","","T","","analitica","","","PVP sales 1 (2020018); Storica Analitica visura per immobile - Catasto Terreni."
"visura-storica","PV","SANTA GIULETTA","4","43","","F","","analitica","","","PVP sales 1 (2020018); Storica Analitica visura per immobile - Catasto Fabbricati."
"visura-storica","PV","SANTA GIULETTA","4","43","","T","","analitica","","","PVP sales 1 (2020018); Storica Analitica visura per immobile - Catasto Terreni."
"visura-storica","PV","SANTA GIULETTA","4","44","","F","","analitica","","","PVP sales 1 (2020018); Storica Analitica visura per immobile - Catasto Fabbricati."
"visura-storica","PV","SANTA GIULETTA","4","44","","T","","analitica","","","PVP sales 1 (2020018); Storica Analitica visura per immobile - Catasto Terreni."
"visura-storica","PV","SANTA GIULETTA","4","45","","F","","analitica","","","PVP sales 1 (2020018); Storica Analitica visura per immobile - Catasto Fabbricati."
"visura-storica","PV","SANTA GIULETTA","4","45","","T","","analitica","","","PVP sales 1 (2020018); Storica Analitica visura per immobile - Catasto Terreni."
"visura-storica","PV","SANTA GIULETTA","4","52","","F","","analitica","","","PVP sales 1 (2020018); Storica Analitica visura per immobile - Catasto Fabbricati."
"visura-storica","PV","SANTA GIULETTA","4","52","","T","","analitica","","","PVP sales 1 (2020018); Storica Analitica visura per immobile - Catasto Terreni."
"visura-storica","PV","SANTA GIULETTA","4","53","","F","","analitica","","","PVP sales 1 (2020018); Storica Analitica visura per immobile - Catasto Fabbricati."
"visura-storica","PV","SANTA GIULETTA","4","53","","T","","analitica","","","PVP sales 1 (2020018); Storica Analitica visura per immobile - Catasto Terreni."
"visura-storica","PV","SANTA GIULETTA","4","54","","F","","analitica","","","PVP sales 1 (2020018); Storica Analitica visura per immobile - Catasto Fabbricati."
"visura-storica","PV","SANTA GIULETTA","4","54","","T","","analitica","","","PVP sales 1 (2020018); Storica Analitica visura per immobile - Catasto Terreni."
"visura-storica","PV","SANTA GIULETTA","4","55","","F","","analitica","","","PVP sales 1 (2020018); Storica Analitica visura per immobile - Catasto Fabbricati."
"visura-storica","PV","SANTA GIULETTA","4","55","","T","","analitica","","","PVP sales 1 (2020018); Storica Analitica visura per immobile - Catasto Terreni."
"visura-storica","PV","SANTA GIULETTA","4","58","","F","","analitica","","","PVP sales 1 (2020018); Storica Analitica visura per immobile - Catasto Fabbricati."
"visura-storica","PV","SANTA GIULETTA","4","58","","T","","analitica","","","PVP sales 1 (2020018); Storica Analitica visura per immobile - Catasto Terreni."
"visura-storica","PV","SANTA GIULETTA","4","60","","F","","analitica","","","PVP sales 1 (2020018); Storica Analitica visura per immobile - Catasto Fabbricati."
"visura-storica","PV","SANTA GIULETTA","4","60","","T","","analitica","","","PVP sales 1 (2020018); Storica Analitica visura per immobile - Catasto Terreni."
"visura-storica","PV","SANTA GIULETTA","4","61","","F","","analitica","","","PVP sales 1 (2020018); Storica Analitica visura per immobile - Catasto Fabbricati."
"visura-storica","PV","SANTA GIULETTA","4","61","","T","","analitica","","","PVP sales 1 (2020018); Storica Analitica visura per immobile - Catasto Terreni."
"visura-storica","PV","SANTA GIULETTA","4","62","","F","","analitica","","","PVP sales 1 (2109551); Storica Analitica visura per immobile - Catasto Fabbricati."
"visura-storica","PV","SANTA GIULETTA","4","62","","T","","analitica","","","PVP sales 1 (2109551); Storica Analitica visura per immobile - Catasto Terreni."
"visura-storica","PV","SANTA GIULETTA","4","63","","F","","analitica","","","PVP sales 1 (2020018); Storica Analitica visura per immobile - Catasto Fabbricati."
"visura-storica","PV","SANTA GIULETTA","4","63","","T","","analitica","","","PVP sales 1 (2020018); Storica Analitica visura per immobile - Catasto Terreni."
"visura-storica","PV","SANTA GIULETTA","4","66","","F","","analitica","","","PVP sales 1 (2020018); Storica Analitica visura per immobile - Catasto Fabbricati."
"visura-storica","PV","SANTA GIULETTA","4","66","","T","","analitica","","","PVP sales 1 (2020018); Storica Analitica visura per immobile - Catasto Terreni."
"visura-storica","PV","SANTA GIULETTA","4","67","","F","","analitica","","","PVP sales 1 (2020018); Storica Analitica visura per immobile - Catasto Fabbricati."
"visura-storica","PV","SANTA GIULETTA","4","67","","T","","analitica","","","PVP sales 1 (2020018); Storica Analitica visura per immobile - Catasto Terreni."
"visura-storica","PV","SANTA GIULETTA","4","78","","F","","analitica","","","PVP sales 1 (2020018); Storica Analitica visura per immobile - Catasto Fabbricati."
"visura-storica","PV","SANTA GIULETTA","4","78","","T","","analitica","","","PVP sales 1 (2020018); Storica Analitica visura per immobile - Catasto Terreni."
"visura-storica","PV","SANTA GIULETTA","4","79","","F","","analitica","","","PVP sales 1 (2020018); Storica Analitica visura per immobile - Catasto Fabbricati."
"visura-storica","PV","SANTA GIULETTA","4","79","","T","","analitica","","","PVP sales 1 (2020018); Storica Analitica visura per immobile - Catasto Terreni."
"visura-storica","PV","SANTA GIULETTA","4","82","","F","","analitica","","","PVP sales 1 (2020018); Storica Analitica visura per immobile - Catasto Fabbricati."
"visura-storica","PV","SANTA GIULETTA","4","82","","T","","analitica","","","PVP sales 1 (2020018); Storica Analitica visura per immobile - Catasto Terreni."
"visura-storica","PV","SANTA GIULETTA","4","83","","F","","analitica","","","PVP sales 1 (2020018); Storica Analitica visura per immobile - Catasto Fabbricati."
"visura-storica","PV","SANTA GIULETTA","4","83","","T","","analitica","","","PVP sales 1 (2020018); Storica Analitica visura per immobile - Catasto Terreni."
"visura-storica","PV","SANTA GIULETTA","4","90","","F","","analitica","","","PVP sales 1 (2020018); Storica Analitica visura per immobile - Catasto Fabbricati."
"visura-storica","PV","SANTA GIULETTA","4","90","","T","","analitica","","","PVP sales 1 (2020018); Storica Analitica visura per immobile - Catasto Terreni."
"visura-storica","PV","SANTA GIULETTA","4","91","","F","","analitica","","","PVP sales 1 (2020018); Storica Analitica visura per immobile - Catasto Fabbricati."
"visura-storica","PV","SANTA GIULETTA","4","91","","T","","analitica","","","PVP sales 1 (2020018); Storica Analitica visura per immobile - Catasto Terreni."
"visura-storica","PV","SANTA GIULETTA","6","119","","F","","analitica","","","PVP sales 2 (2019959,2109546); Storica Analitica visura per immobile - Catasto Fabbricati."
"visura-storica","PV","SANTA GIULETTA","6","119","","T","","analitica","","","PVP sales 2 (2019959,2109546); Storica Analitica visura per immobile - Catasto Terreni."
"visura-storica","PV","SANTA GIULETTA","6","123","","F","","analitica","","","PVP sales 2 (2019959,2109546); Storica Analitica visura per immobile - Catasto Fabbricati."
"visura-storica","PV","SANTA GIULETTA","6","123","","T","","analitica","","","PVP sales 2 (2019959,2109546); Storica Analitica visura per immobile - Catasto Terreni."
"visura-storica","PV","SANTA GIULETTA","6","124","","F","","analitica","","","PVP sales 2 (2019959,2109546); Storica Analitica visura per immobile - Catasto Fabbricati."
"visura-storica","PV","SANTA GIULETTA","6","124","","T","","analitica","","","PVP sales 2 (2019959,2109546); Storica Analitica visura per immobile - Catasto Terreni."
"visura-storica","PV","SANTA GIULETTA","6","160","","F","","analitica","","","PVP sales 2 (2019959,2109546); Storica Analitica visura per immobile - Catasto Fabbricati."
"visura-storica","PV","SANTA GIULETTA","6","160","","T","","analitica","","","PVP sales 2 (2019959,2109546); Storica Analitica visura per immobile - Catasto Terreni."
"visura-storica","PV","SANTA GIULETTA","6","208","","F","","analitica","","","PVP sales 2 (2019959,2109546); Storica Analitica visura per immobile - Catasto Fabbricati."
"visura-storica","PV","SANTA GIULETTA","6","208","","T","","analitica","","","PVP sales 2 (2019959,2109546); Storica Analitica visura per immobile - Catasto Terreni."
"visura-storica","PV","SANTA GIULETTA","6","222","","F","","analitica","","","PVP sales 2 (2019959,2109546); Storica Analitica visura per immobile - Catasto Fabbricati."
"visura-storica","PV","SANTA GIULETTA","6","222","","T","","analitica","","","PVP sales 2 (2019959,2109546); Storica Analitica visura per immobile - Catasto Terreni."
"visura-storica","PV","SANTA GIULETTA","6","234","","F","","analitica","","","PVP sales 2 (2019959,2109546); Storica Analitica visura per immobile - Catasto Fabbricati."
"visura-storica","PV","SANTA GIULETTA","6","234","","T","","analitica","","","PVP sales 2 (2019959,2109546); Storica Analitica visura per immobile - Catasto Terreni."
"visura-storica","PV","SANTA GIULETTA","6","264","","F","","analitica","","","PVP sales 2 (2019959,2109546); Storica Analitica visura per immobile - Catasto Fabbricati."
"visura-storica","PV","SANTA GIULETTA","6","264","","T","","analitica","","","PVP sales 2 (2019959,2109546); Storica Analitica visura per immobile - Catasto Terreni."
"visura-storica","PV","SANTA GIULETTA","6","265","","F","","analitica","","","PVP sales 2 (2019959,2109546); Storica Analitica visura per immobile - Catasto Fabbricati."
"visura-storica","PV","SANTA GIULETTA","6","265","","T","","analitica","","","PVP sales 2 (2019959,2109546); Storica Analitica visura per immobile - Catasto Terreni."
"visura-storica","PV","SANTA GIULETTA","6","489","2","F","","analitica","","","PVP sales 2 (2020014,2109537); Storica Analitica visura per immobile - Catasto Fabbricati."
"visura-storica","PV","SANTA GIULETTA","6","489","3","F","","analitica","","","PVP sales 2 (2020014,2109537); Storica Analitica visura per immobile - Catasto Fabbricati."
"visura-storica","PV","SANTA GIULETTA","6","489","4","F","","analitica","","","PVP sales 2 (2020014,2109537); Storica Analitica visura per immobile - Catasto Fabbricati."
"visura-storica","PV","SANTA GIULETTA","6","489","5","F","","analitica","","","PVP sales 2 (2020014,2109537); Storica Analitica visura per immobile - Catasto Fabbricati."
"visura-storica","PV","SANTA GIULETTA","6","489","6","F","","analitica","","","PVP sales 2 (2020014,2109537); Storica Analitica visura per immobile - Catasto Fabbricati."
"visura-storica","PV","SANTA GIULETTA","6","489","7","F","","analitica","","","PVP sales 2 (2020014,2109537); Storica Analitica visura per immobile - Catasto Fabbricati."
"visura-storica","PV","SANTA GIULETTA","6","92","","F","","analitica","","","PVP sales 2 (2019959,2109546); Storica Analitica visura per immobile - Catasto Fabbricati."
"visura-storica","PV","SANTA GIULETTA","6","92","","T","","analitica","","","PVP sales 2 (2019959,2109546); Storica Analitica visura per immobile - Catasto Terreni."
"visura-storica","PV","SCALDASOLE","10","507","","F","","analitica","","","PVP sales 4 (4424505,4475064,4512915,4558213); Storica Analitica visura per immobile - Catasto Fabbricati."
"visura-storica","PV","SCALDASOLE","10","507","","T","","analitica","","","PVP sales 4 (4424505,4475064,4512915,4558213); Storica Analitica visura per immobile - Catasto Terreni."
"visura-storica","PV","SCALDASOLE","10","508","","F","","analitica","","","PVP sales 4 (4424505,4475064,4512915,4558213); Storica Analitica visura per immobile - Catasto Fabbricati."
"visura-storica","PV","SCALDASOLE","10","508","","T","","analitica","","","PVP sales 4 (4424505,4475064,4512915,4558213); Storica Analitica visura per immobile - Catasto Terreni."
"visura-storica","PV","SCALDASOLE","10","509","","F","","analitica","","","PVP sales 4 (4424505,4475064,4512915,4558213); Storica Analitica visura per immobile - Catasto Fabbricati."
"visura-storica","PV","SCALDASOLE","10","509","","T","","analitica","","","PVP sales 4 (4424505,4475064,4512915,4558213); Storica Analitica visura per immobile - Catasto Terreni."
"visura-storica","PV","SCALDASOLE","10","513","","F","","analitica","","","PVP sales 4 (4424505,4475064,4512915,4558213); Storica Analitica visura per immobile - Catasto Fabbricati."
"visura-storica","PV","SCALDASOLE","10","513","","T","","analitica","","","PVP sales 4 (4424505,4475064,4512915,4558213); Storica Analitica visura per immobile - Catasto Terreni."
"visura-storica","PV","SCALDASOLE","3","290","","F","","analitica","","","PVP sales 4 (4424541,4475084,4512921,4558232); Storica Analitica visura per immobile - Catasto Fabbricati."
"visura-storica","PV","SCALDASOLE","3","290","","T","","analitica","","","PVP sales 4 (4424541,4475084,4512921,4558232); Storica Analitica visura per immobile - Catasto Terreni."
"visura-storica","PV","SCALDASOLE","3","291","","F","","analitica","","","PVP sales 4 (4424541,4475084,4512921,4558232); Storica Analitica visura per immobile - Catasto Fabbricati."
"visura-storica","PV","SCALDASOLE","3","291","","T","","analitica","","","PVP sales 4 (4424541,4475084,4512921,4558232); Storica Analitica visura per immobile - Catasto Terreni."
"visura-storica","PV","STRADELLA","15","253","","F","","analitica","","","PVP sales 1 (4441573); Storica Analitica visura per immobile - Catasto Fabbricati."
"visura-storica","PV","STRADELLA","15","253","","T","","analitica","","","PVP sales 1 (4441573); Storica Analitica visura per immobile - Catasto Terreni."
"visura-storica","PV","TORREVECCHIA PIA","1","71","2","F","","analitica","","","PVP sales 4 (985326,1186253,1509119,1647548); Storica Analitica visura per immobile - Catasto Fabbricati."
"visura-storica","PV","TRAVACÒ SICCOMARIO","1","242","","F","","analitica","","","PVP sales 2 (2079962,2157821); Storica Analitica visura per immobile - Catasto Fabbricati."
"visura-storica","PV","TRAVACÒ SICCOMARIO","1","242","","T","","analitica","","","PVP sales 2 (2079962,2157821); Storica Analitica visura per immobile - Catasto Terreni."
"visura-storica","PV","TRAVACÒ SICCOMARIO","1","964","","F","","analitica","","","PVP sales 2 (2079962,2157821); Storica Analitica visura per immobile - Catasto Fabbricati."
"visura-storica","PV","TRAVACÒ SICCOMARIO","1","964","","T","","analitica","","","PVP sales 2 (2079962,2157821); Storica Analitica visura per immobile - Catasto Terreni."
"visura-storica","PV","TROMELLO","18","2820","1","F","","analitica","","","PVP sales 1 (4507903); Storica Analitica visura per immobile - Catasto Fabbricati."
"visura-storica","PV","TROMELLO","18","2821","1","F","","analitica","","","PVP sales 1 (4507903); Storica Analitica visura per immobile - Catasto Fabbricati."
"visura-storica","PV","TROMELLO","19","1545","2","F","","analitica","","","PVP sales 2 (4496713,4548240); Storica Analitica visura per immobile - Catasto Fabbricati."
"visura-storica","PV","TROMELLO","19","1545","3","F","","analitica","","","PVP sales 2 (4496713,4548240); Storica Analitica visura per immobile - Catasto Fabbricati."
"visura-storica","PV","VAL DI NIZZA","8","24","","F","","analitica","","","PVP sales 1 (4424553); Storica Analitica visura per immobile - Catasto Fabbricati."
"visura-storica","PV","VAL DI NIZZA","8","24","","T","","analitica","","","PVP sales 1 (4424553); Storica Analitica visura per immobile - Catasto Terreni."
"visura-storica","PV","VAL DI NIZZA","8","350","","F","","analitica","","","PVP sales 1 (4424553); Storica Analitica visura per immobile - Catasto Fabbricati."
"visura-storica","PV","VAL DI NIZZA","8","350","","T","","analitica","","","PVP sales 1 (4424553); Storica Analitica visura per immobile - Catasto Terreni."
"visura-storica","PV","VALLE LOMELLINA","32","1890","13","F","","analitica","","","PVP sales 2 (4418594,4506588); Storica Analitica visura per immobile - Catasto Fabbricati."
"visura-storica","PV","VALLE LOMELLINA","32","1890","14","F","","analitica","","","PVP sales 2 (4418594,4506588); Storica Analitica visura per immobile - Catasto Fabbricati."
"visura-storica","PV","VALLE LOMELLINA","32","1890","15","F","","analitica","","","PVP sales 2 (4418594,4506588); Storica Analitica visura per immobile - Catasto Fabbricati."
"visura-storica","PV","VALLE LOMELLINA","32","1890","16","F","","analitica","","","PVP sales 2 (4418591,4506588); Storica Analitica visura per immobile - Catasto Fabbricati."
"visura-storica","PV","VALLE LOMELLINA","32","1890","5","F","","analitica","","","PVP sales 2 (4418594,4506588); Storica Analitica visura per immobile - Catasto Fabbricati."
"visura-storica","PV","VALLE LOMELLINA","32","1890","6","F","","analitica","","","PVP sales 2 (4418594,4506588); Storica Analitica visura per immobile - Catasto Fabbricati."
"visura-storica","PV","VARZI","6","1537","10","F","","analitica","","","PVP sales 1 (2060961); Storica Analitica visura per immobile - Catasto Fabbricati."
"visura-storica","PV","VARZI","6","1537","5","F","","analitica","","","PVP sales 1 (2060961); Storica Analitica visura per immobile - Catasto Fabbricati."
"visura-storica","PV","VARZI","6","1537","6","F","","analitica","","","PVP sales 1 (2060961); Storica Analitica visura per immobile - Catasto Fabbricati."
"visura-storica","PV","VARZI","6","1537","7","F","","analitica","","","PVP sales 1 (2060961); Storica Analitica visura per immobile - Catasto Fabbricati."
"visura-storica","PV","VARZI","6","1537","8","F","","analitica","","","PVP sales 1 (2060961); Storica Analitica visura per immobile - Catasto Fabbricati."
"visura-storica","PV","VARZI","6","1537","9","F","","analitica","","","PVP sales 1 (2060961); Storica Analitica visura per immobile - Catasto Fabbricati."
"visura-storica","PV","VERRUA PO","13","479","","F","","analitica","","","PVP sales 3 (632514,855832,951205); Storica Analitica visura per immobile - Catasto Fabbricati."
"visura-storica","PV","VERRUA PO","13","479","","T","","analitica","","","PVP sales 3 (632514,855832,951205); Storica Analitica visura per immobile - Catasto Terreni."
"visura-storica","PV","VERRUA PO","13","54","","F","","analitica","","","PVP sales 3 (632514,855832,951205); Storica Analitica visura per immobile - Catasto Fabbricati."
"visura-storica","PV","VERRUA PO","13","54","","T","","analitica","","","PVP sales 3 (632514,855832,951205); Storica Analitica visura per immobile - Catasto Terreni."
"visura-storica","PV","VERRUA PO","13","55","","F","","analitica","","","PVP sales 3 (632514,855832,951205); Storica Analitica visura per immobile - Catasto Fabbricati."
"visura-storica","PV","VERRUA PO","13","55","","T","","analitica","","","PVP sales 3 (632514,855832,951205); Storica Analitica visura per immobile - Catasto Terreni."
"visura-storica","PV","VIGEVANO","19","2590","52","F","","analitica","","","PVP sales 2 (4445697,4496978); Storica Analitica visura per immobile - Catasto Fabbricati."
"visura-storica","PV","VIGEVANO","21","149","1","F","","analitica","","","PVP sales 1 (1762557); Storica Analitica visura per immobile - Catasto Fabbricati."
"visura-storica","PV","VIGEVANO","21","991","","F","","analitica","","","PVP sales 3 (1762557,1954378,2179690); Storica Analitica visura per immobile - Catasto Fabbricati."
"visura-storica","PV","VIGEVANO","21","991","","T","","analitica","","","PVP sales 3 (1762557,1954378,2179690); Storica Analitica visura per immobile - Catasto Terreni."
"visura-storica","PV","VIGEVANO","32","1339","22","F","","analitica","","","PVP sales 1 (2164134); Storica Analitica visura per immobile - Catasto Fabbricati."
"visura-storica","PV","VIGEVANO","32","886","","F","","analitica","","","PVP sales 1 (2164134); Storica Analitica visura per immobile - Catasto Fabbricati."
"visura-storica","PV","VIGEVANO","32","886","","T","","analitica","","","PVP sales 1 (2164134); Storica Analitica visura per immobile - Catasto Terreni."
"visura-storica","PV","VIGEVANO","36","2682","","F","","analitica","","","PVP sales 1 (4530934); Storica Analitica visura per immobile - Catasto Fabbricati."
"visura-storica","PV","VIGEVANO","36","2682","","T","","analitica","","","PVP sales 1 (4530934); Storica Analitica visura per immobile - Catasto Terreni."
"visura-storica","PV","VIGEVANO","36","3587","","F","","analitica","","","PVP sales 1 (4530934); Storica Analitica visura per immobile - Catasto Fabbricati."
"visura-storica","PV","VIGEVANO","36","3587","","T","","analitica","","","PVP sales 1 (4530934); Storica Analitica visura per immobile - Catasto Terreni."
"visura-storica","PV","VIGEVANO","9","409","","F","","analitica","","","PVP sales 1 (2223330); Storica Analitica visura per immobile - Catasto Fabbricati."
"visura-storica","PV","VIGEVANO","9","409","","T","","analitica","","","PVP sales 1 (2223330); Storica Analitica visura per immobile - Catasto Terreni."
"visura-storica","PV","VIGEVANO","9","410","","F","","analitica","","","PVP sales 1 (2223330); Storica Analitica visura per immobile - Catasto Fabbricati."
"visura-storica","PV","VIGEVANO","9","410","","T","","analitica","","","PVP sales 1 (2223330); Storica Analitica visura per immobile - Catasto Terreni."
"visura-storica","PV","VILLANTERIO","9","480","","F","","analitica","","","PVP sales 1 (1432915); Storica Analitica visura per immobile - Catasto Fabbricati."
"visura-storica","PV","VILLANTERIO","9","480","","T","","analitica","","","PVP sales 1 (1432915); Storica Analitica visura per immobile - Catasto Terreni."
"visura-storica","PV","VOGHERA","60","1995","38","F","","analitica","","","PVP sales 1 (4419937); Storica Analitica visura per immobile - Catasto Fabbricati."
"visura-storica","PV","VOGHERA","60","1995","39","F","","analitica","","","PVP sales 1 (4419934); Storica Analitica visura per immobile - Catasto Fabbricati."
"visura-storica","PV","ZAVATTARELLO","24","5","","F","","analitica","","","PVP sales 1 (811031); Storica Analitica visura per immobile - Catasto Fabbricati."
"visura-storica","PV","ZAVATTARELLO","24","5","","T","","analitica","","","PVP sales 1 (811031); Storica Analitica visura per immobile - Catasto Terreni."
"visura-storica","PV","ZEME","12","1821","3","F","","analitica","","","PVP sales 1 (1544524); Storica Analitica visura per immobile - Catasto Fabbricati."
"visura-storica","PV","ZEME","12","1821","4","F","","analitica","","","PVP sales 1 (1544524); Storica Analitica visura per immobile - Catasto Fabbricati."
"visura-storica","PV","ZEME","12","1842","6","F","","analitica","","","PVP sales 1 (1546254); Storica Analitica visura per immobile - Catasto Fabbricati."
"visura-storica","PV","ZEME","12","1842","7","F","","analitica","","","PVP sales 1 (1546279); Storica Analitica visura per immobile - Catasto Fabbricati."
"visura-storica","PV","ZEME","12","1842","8","F","","analitica","","","PVP sales 1 (1546369); Storica Analitica visura per immobile - Catasto Fabbricati."
"visura-storica","PV","ZEME","21","91","5","F","","analitica","","","PVP sales 1 (4495679); Storica Analitica visura per immobile - Catasto Fabbricati."
"visura-storica","PV","ZEME","21","91","6","F","","analitica","","","PVP sales 1 (4495679); Storica Analitica visura per immobile - Catasto Fabbricati."
"visura-storica","PV","ZEME","21","91","7","F","","analitica","","","PVP sales 1 (4495679); Storica Analitica visura per immobile - Catasto Fabbricati."
"visura-storica","PV","ZENEVREDO","7","436","2","F","","analitica","","","PVP sales 2 (4441574,4469421); Storica Analitica visura per immobile - Catasto Fabbricati."
"visura-storica","PV","ZENEVREDO","7","436","3","F","","analitica","","","PVP sales 2 (4441574,4469421); Storica Analitica visura per immobile - Catasto Fabbricati."
"visura-storica","PV","ZERBOLÒ","24","1387","","F","","analitica","","","PVP sales 6 (4412803,4412894,4412903,4455835,4455855 +1 more); Storica Analitica visura per immobile - Catasto Fabbricati."
"visura-storica","PV","ZERBOLÒ","24","1387","","T","","analitica","","","PVP sales 6 (4412803,4412894,4412903,4455835,4455855 +1 more); Storica Analitica visura per immobile - Catasto Terreni."
"visura-storica","PV","ZERBOLÒ","25","455","","F","","analitica","","","PVP sales 4 (4412961,4455863,4509971,4561625); Storica Analitica visura per immobile - Catasto Fabbricati."
"visura-storica","PV","ZERBOLÒ","25","455","","T","","analitica","","","PVP sales 4 (4412961,4455863,4509971,4561625); Storica Analitica visura per immobile - Catasto Terreni."
