# Development-opportunity screening: Mondello, Palermo (G273). Parcels judged unbuilt/underused on satellite imagery.
# Evidence is visual + parcel geometry only. PUG zoning, constraints and building footprints are NOT verified.
# Priority A = compact unbuilt infill lots; B = large or partly verified land; C = institutional, commented out.
# Run: sister query batch --input <this file> --wait --output-dir outputs/mondello_dev
# Foglio 4: the map parcel ids G273_0004B0/0004C0/0004D0 carry the allegato letter (B/C/D); the portal takes foglio "4" only (verified on 4/740).
"command","provincia","comune","foglio","particella","subalterno","tipo_catasto","codice_fiscale","vista","sezione","source_files","scope_note"
"visura-storica","PA","PALERMO","4","740","","T","","analitica","","","Land Registry map viewport (lat 38.195065 lng 13.315776 z18.14); parcel G273_0004C0.740; priority A; unbuilt garden lot inside an urban block (infill); ~1,300 m2; Storica Analitica visura per immobile - Catasto Terreni."
"visura-storica","PA","PALERMO","4","740","","F","","analitica","","","Land Registry map viewport (lat 38.195065 lng 13.315776 z18.14); parcel G273_0004C0.740; priority A; unbuilt garden lot inside an urban block (infill); ~1,300 m2; Storica Analitica visura per immobile - Catasto Fabbricati."
"visura-storica","PA","PALERMO","4","2097","","T","","analitica","","","Land Registry map viewport (lat 38.195065 lng 13.315776 z18.14); parcel G273_0004B0.2097; priority A; open meadow west of the road, no buildings seen; ~3,270 m2; Storica Analitica visura per immobile - Catasto Terreni."
"visura-storica","PA","PALERMO","4","2097","","F","","analitica","","","Land Registry map viewport (lat 38.195065 lng 13.315776 z18.14); parcel G273_0004B0.2097; priority A; open meadow west of the road, no buildings seen; ~3,270 m2; Storica Analitica visura per immobile - Catasto Fabbricati."
"visura-storica","PA","PALERMO","4","2117","","T","","analitica","","","Land Registry map viewport (lat 38.195065 lng 13.315776 z18.14); parcel G273_0004D0.2117; priority A; vegetated lot with one small outbuilding on a street front; ~1,550 m2; Storica Analitica visura per immobile - Catasto Terreni."
"visura-storica","PA","PALERMO","4","2117","","F","","analitica","","","Land Registry map viewport (lat 38.195065 lng 13.315776 z18.14); parcel G273_0004D0.2117; priority A; vegetated lot with one small outbuilding on a street front; ~1,550 m2; Storica Analitica visura per immobile - Catasto Fabbricati."
"visura-storica","PA","PALERMO","4","676","","T","","analitica","","","Land Registry map viewport (lat 38.195065 lng 13.315776 z18.14); parcel G273_0004C0.676; priority A; overgrown corner lot on the main road; assembly with 4C/736 and 4C/893 (~1,630 m2 total); Storica Analitica visura per immobile - Catasto Terreni."
"visura-storica","PA","PALERMO","4","676","","F","","analitica","","","Land Registry map viewport (lat 38.195065 lng 13.315776 z18.14); parcel G273_0004C0.676; priority A; overgrown corner lot on the main road; assembly with 4C/736 and 4C/893 (~1,630 m2 total); Storica Analitica visura per immobile - Catasto Fabbricati."
"visura-storica","PA","PALERMO","4","736","","T","","analitica","","","Land Registry map viewport (lat 38.195065 lng 13.315776 z18.14); parcel G273_0004C0.736; priority A; small unbuilt lot adjoining 4C/676; assembly candidate; Storica Analitica visura per immobile - Catasto Terreni."
"visura-storica","PA","PALERMO","4","736","","F","","analitica","","","Land Registry map viewport (lat 38.195065 lng 13.315776 z18.14); parcel G273_0004C0.736; priority A; small unbuilt lot adjoining 4C/676; assembly candidate; Storica Analitica visura per immobile - Catasto Fabbricati."
"visura-storica","PA","PALERMO","4","893","","T","","analitica","","","Land Registry map viewport (lat 38.195065 lng 13.315776 z18.14); parcel G273_0004C0.893; priority A; small unbuilt lot adjoining 4C/676; assembly candidate; Storica Analitica visura per immobile - Catasto Terreni."
"visura-storica","PA","PALERMO","4","893","","F","","analitica","","","Land Registry map viewport (lat 38.195065 lng 13.315776 z18.14); parcel G273_0004C0.893; priority A; small unbuilt lot adjoining 4C/676; assembly candidate; Storica Analitica visura per immobile - Catasto Fabbricati."
"visura-storica","PA","PALERMO","4","3187","","T","","analitica","","","Land Registry map viewport (lat 38.195065 lng 13.315776 z18.14); parcel G273_0004D0.3187; priority A; unbuilt lot beside a pool villa; adjoins 4D/3186 (~1,350 m2 total); Storica Analitica visura per immobile - Catasto Terreni."
"visura-storica","PA","PALERMO","4","3187","","F","","analitica","","","Land Registry map viewport (lat 38.195065 lng 13.315776 z18.14); parcel G273_0004D0.3187; priority A; unbuilt lot beside a pool villa; adjoins 4D/3186 (~1,350 m2 total); Storica Analitica visura per immobile - Catasto Fabbricati."
"visura-storica","PA","PALERMO","4","3186","","T","","analitica","","","Land Registry map viewport (lat 38.195065 lng 13.315776 z18.14); parcel G273_0004D0.3186; priority A; unbuilt lot adjoining 4D/3187; assembly candidate; Storica Analitica visura per immobile - Catasto Terreni."
"visura-storica","PA","PALERMO","4","3186","","F","","analitica","","","Land Registry map viewport (lat 38.195065 lng 13.315776 z18.14); parcel G273_0004D0.3186; priority A; unbuilt lot adjoining 4D/3187; assembly candidate; Storica Analitica visura per immobile - Catasto Fabbricati."
"visura-storica","PA","PALERMO","9","2558","","T","","analitica","","","Land Registry map viewport (lat 38.195065 lng 13.315776 z18.14); parcel G273_000900.2558; priority B; very large olive grove/scrub (~22,200 m2); outcome depends on PUG zoning, possibly agricultural or green; Storica Analitica visura per immobile - Catasto Terreni."
"visura-storica","PA","PALERMO","9","2558","","F","","analitica","","","Land Registry map viewport (lat 38.195065 lng 13.315776 z18.14); parcel G273_000900.2558; priority B; very large olive grove/scrub (~22,200 m2); outcome depends on PUG zoning, possibly agricultural or green; Storica Analitica visura per immobile - Catasto Fabbricati."
"visura-storica","PA","PALERMO","9","205","","T","","analitica","","","Land Registry map viewport (lat 38.195065 lng 13.315776 z18.14); parcel G273_000900.205; priority B; very large olive grove/scrub (~16,400 m2); outcome depends on PUG zoning, possibly agricultural or green; Storica Analitica visura per immobile - Catasto Terreni."
"visura-storica","PA","PALERMO","9","205","","F","","analitica","","","Land Registry map viewport (lat 38.195065 lng 13.315776 z18.14); parcel G273_000900.205; priority B; very large olive grove/scrub (~16,400 m2); outcome depends on PUG zoning, possibly agricultural or green; Storica Analitica visura per immobile - Catasto Fabbricati."
"visura-storica","PA","PALERMO","4","3921","","T","","analitica","","","Land Registry map viewport (lat 38.195065 lng 13.315776 z18.14); parcel G273_0004C0.3921; priority B; green garden (~3,800 m2), only partly inside the viewport; confirm extent and existing buildings; Storica Analitica visura per immobile - Catasto Terreni."
"visura-storica","PA","PALERMO","4","3921","","F","","analitica","","","Land Registry map viewport (lat 38.195065 lng 13.315776 z18.14); parcel G273_0004C0.3921; priority B; green garden (~3,800 m2), only partly inside the viewport; confirm extent and existing buildings; Storica Analitica visura per immobile - Catasto Fabbricati."
"visura-storica","PA","PALERMO","9","660","","T","","analitica","","","Land Registry map viewport (lat 38.195065 lng 13.315776 z18.14); parcel G273_000900.660; priority B; partly vegetated lot with some structure (~830 m2); confirm building status; Storica Analitica visura per immobile - Catasto Terreni."
"visura-storica","PA","PALERMO","9","660","","F","","analitica","","","Land Registry map viewport (lat 38.195065 lng 13.315776 z18.14); parcel G273_000900.660; priority B; partly vegetated lot with some structure (~830 m2); confirm building status; Storica Analitica visura per immobile - Catasto Fabbricati."
"visura-storica","PA","PALERMO","9","291","","T","","analitica","","","Land Registry map viewport (lat 38.195065 lng 13.315776 z18.14); parcel G273_000900.291; priority B; unbuilt lot at the viewport edge; adjoins 9/292 (~1,130 m2 total); Storica Analitica visura per immobile - Catasto Terreni."
"visura-storica","PA","PALERMO","9","291","","F","","analitica","","","Land Registry map viewport (lat 38.195065 lng 13.315776 z18.14); parcel G273_000900.291; priority B; unbuilt lot at the viewport edge; adjoins 9/292 (~1,130 m2 total); Storica Analitica visura per immobile - Catasto Fabbricati."
"visura-storica","PA","PALERMO","9","292","","T","","analitica","","","Land Registry map viewport (lat 38.195065 lng 13.315776 z18.14); parcel G273_000900.292; priority B; unbuilt lot at the viewport edge; adjoins 9/291; Storica Analitica visura per immobile - Catasto Terreni."
"visura-storica","PA","PALERMO","9","292","","F","","analitica","","","Land Registry map viewport (lat 38.195065 lng 13.315776 z18.14); parcel G273_000900.292; priority B; unbuilt lot at the viewport edge; adjoins 9/291; Storica Analitica visura per immobile - Catasto Fabbricati."
# --- priority C (disabled): remove the leading '# ' to run ---
# "visura-storica","PA","PALERMO","4","83","","T","","analitica","","","Land Registry map viewport (lat 38.195065 lng 13.315776 z18.14); parcel G273_0004B0.83; priority C; religious/villa compound with gardens (~12,500 m2): likely institutional owner; run only to confirm; Storica Analitica visura per immobile - Catasto Terreni."
# "visura-storica","PA","PALERMO","4","83","","F","","analitica","","","Land Registry map viewport (lat 38.195065 lng 13.315776 z18.14); parcel G273_0004B0.83; priority C; religious/villa compound with gardens (~12,500 m2): likely institutional owner; run only to confirm; Storica Analitica visura per immobile - Catasto Fabbricati."
# "visura-storica","PA","PALERMO","4","484","","T","","analitica","","","Land Registry map viewport (lat 38.195065 lng 13.315776 z18.14); parcel G273_0004B0.484; priority C; garden inside the same compound (~1,330 m2): likely institutional owner; run only to confirm; Storica Analitica visura per immobile - Catasto Terreni."
# "visura-storica","PA","PALERMO","4","484","","F","","analitica","","","Land Registry map viewport (lat 38.195065 lng 13.315776 z18.14); parcel G273_0004B0.484; priority C; garden inside the same compound (~1,330 m2): likely institutional owner; run only to confirm; Storica Analitica visura per immobile - Catasto Fabbricati."
