command,provincia,comune,foglio,particella,subalterno,tipo_catasto,codice_fiscale,vista,source_files,scope_note
visura-storica,Palermo,PALERMO,9,107,,T,,analitica,,Land Registry map viewport (lat 38.192590 lng 13.310479 z19.13); parcel G273_000900.107; Storica Analitica Visura per Immobile - Catasto Terreni.
visura-storica,Palermo,PALERMO,9,107,,F,,analitica,,Land Registry map viewport (lat 38.192590 lng 13.310479 z19.13); parcel G273_000900.107; Storica Analitica Visura per Immobile - Catasto Fabbricati (all units on the particella).
visura-storica,Palermo,PALERMO,9,108,,T,,analitica,,Land Registry map viewport (lat 38.192590 lng 13.310479 z19.13); parcel G273_000900.108; Storica Analitica Visura per Immobile - Catasto Terreni.
visura-storica,Palermo,PALERMO,9,108,,F,,analitica,,Land Registry map viewport (lat 38.192590 lng 13.310479 z19.13); parcel G273_000900.108; Storica Analitica Visura per Immobile - Catasto Fabbricati (all units on the particella).
visura-storica,Palermo,PALERMO,9,112,,T,,analitica,,Land Registry map viewport (lat 38.192590 lng 13.310479 z19.13); parcel G273_000900.112; Storica Analitica Visura per Immobile - Catasto Terreni.
visura-storica,Palermo,PALERMO,9,112,,F,,analitica,,Land Registry map viewport (lat 38.192590 lng 13.310479 z19.13); parcel G273_000900.112; Storica Analitica Visura per Immobile - Catasto Fabbricati (all units on the particella).
visura-storica,Palermo,PALERMO,9,114,,T,,analitica,,Land Registry map viewport (lat 38.192590 lng 13.310479 z19.13); parcel G273_000900.114; Storica Analitica Visura per Immobile - Catasto Terreni.
visura-storica,Palermo,PALERMO,9,114,,F,,analitica,,Land Registry map viewport (lat 38.192590 lng 13.310479 z19.13); parcel G273_000900.114; Storica Analitica Visura per Immobile - Catasto Fabbricati (all units on the particella).
visura-storica,Palermo,PALERMO,9,121,,T,,analitica,,Land Registry map viewport (lat 38.192590 lng 13.310479 z19.13); parcel G273_000900.121; Storica Analitica Visura per Immobile - Catasto Terreni.
visura-storica,Palermo,PALERMO,9,121,,F,,analitica,,Land Registry map viewport (lat 38.192590 lng 13.310479 z19.13); parcel G273_000900.121; Storica Analitica Visura per Immobile - Catasto Fabbricati (all units on the particella).
visura-storica,Palermo,PALERMO,9,122,,T,,analitica,,Land Registry map viewport (lat 38.192590 lng 13.310479 z19.13); parcel G273_000900.122; Storica Analitica Visura per Immobile - Catasto Terreni.
visura-storica,Palermo,PALERMO,9,122,,F,,analitica,,Land Registry map viewport (lat 38.192590 lng 13.310479 z19.13); parcel G273_000900.122; Storica Analitica Visura per Immobile - Catasto Fabbricati (all units on the particella).
visura-storica,Palermo,PALERMO,9,129,,T,,analitica,,Land Registry map viewport (lat 38.192590 lng 13.310479 z19.13); parcel G273_000900.129; Storica Analitica Visura per Immobile - Catasto Terreni.
visura-storica,Palermo,PALERMO,9,129,,F,,analitica,,Land Registry map viewport (lat 38.192590 lng 13.310479 z19.13); parcel G273_000900.129; Storica Analitica Visura per Immobile - Catasto Fabbricati (all units on the particella).
visura-storica,Palermo,PALERMO,9,131,,T,,analitica,,Land Registry map viewport (lat 38.192590 lng 13.310479 z19.13); parcel G273_000900.131; Storica Analitica Visura per Immobile - Catasto Terreni.
visura-storica,Palermo,PALERMO,9,131,,F,,analitica,,Land Registry map viewport (lat 38.192590 lng 13.310479 z19.13); parcel G273_000900.131; Storica Analitica Visura per Immobile - Catasto Fabbricati (all units on the particella).
visura-storica,Palermo,PALERMO,9,132,,T,,analitica,,Land Registry map viewport (lat 38.192590 lng 13.310479 z19.13); parcel G273_000900.132; Storica Analitica Visura per Immobile - Catasto Terreni.
visura-storica,Palermo,PALERMO,9,132,,F,,analitica,,Land Registry map viewport (lat 38.192590 lng 13.310479 z19.13); parcel G273_000900.132; Storica Analitica Visura per Immobile - Catasto Fabbricati (all units on the particella).
visura-storica,Palermo,PALERMO,9,190,,T,,analitica,,Land Registry map viewport (lat 38.192590 lng 13.310479 z19.13); parcel G273_000900.190; Storica Analitica Visura per Immobile - Catasto Terreni.
visura-storica,Palermo,PALERMO,9,190,,F,,analitica,,Land Registry map viewport (lat 38.192590 lng 13.310479 z19.13); parcel G273_000900.190; Storica Analitica Visura per Immobile - Catasto Fabbricati (all units on the particella).
visura-storica,Palermo,PALERMO,9,191,,T,,analitica,,Land Registry map viewport (lat 38.192590 lng 13.310479 z19.13); parcel G273_000900.191; Storica Analitica Visura per Immobile - Catasto Terreni.
visura-storica,Palermo,PALERMO,9,191,,F,,analitica,,Land Registry map viewport (lat 38.192590 lng 13.310479 z19.13); parcel G273_000900.191; Storica Analitica Visura per Immobile - Catasto Fabbricati (all units on the particella).
visura-storica,Palermo,PALERMO,9,215,,T,,analitica,,Land Registry map viewport (lat 38.192590 lng 13.310479 z19.13); parcel G273_000900.215; Storica Analitica Visura per Immobile - Catasto Terreni.
visura-storica,Palermo,PALERMO,9,215,,F,,analitica,,Land Registry map viewport (lat 38.192590 lng 13.310479 z19.13); parcel G273_000900.215; Storica Analitica Visura per Immobile - Catasto Fabbricati (all units on the particella).
visura-storica,Palermo,PALERMO,9,234,,T,,analitica,,Land Registry map viewport (lat 38.192590 lng 13.310479 z19.13); parcel G273_000900.234; Storica Analitica Visura per Immobile - Catasto Terreni.
visura-storica,Palermo,PALERMO,9,234,,F,,analitica,,Land Registry map viewport (lat 38.192590 lng 13.310479 z19.13); parcel G273_000900.234; Storica Analitica Visura per Immobile - Catasto Fabbricati (all units on the particella).
visura-storica,Palermo,PALERMO,9,244,,T,,analitica,,Land Registry map viewport (lat 38.192590 lng 13.310479 z19.13); parcel G273_000900.244; Storica Analitica Visura per Immobile - Catasto Terreni.
visura-storica,Palermo,PALERMO,9,244,,F,,analitica,,Land Registry map viewport (lat 38.192590 lng 13.310479 z19.13); parcel G273_000900.244; Storica Analitica Visura per Immobile - Catasto Fabbricati (all units on the particella).
visura-storica,Palermo,PALERMO,9,285,,T,,analitica,,Land Registry map viewport (lat 38.192590 lng 13.310479 z19.13); parcel G273_000900.285; Storica Analitica Visura per Immobile - Catasto Terreni.
visura-storica,Palermo,PALERMO,9,285,,F,,analitica,,Land Registry map viewport (lat 38.192590 lng 13.310479 z19.13); parcel G273_000900.285; Storica Analitica Visura per Immobile - Catasto Fabbricati (all units on the particella).
visura-storica,Palermo,PALERMO,9,289,,T,,analitica,,Land Registry map viewport (lat 38.192590 lng 13.310479 z19.13); parcel G273_000900.289; Storica Analitica Visura per Immobile - Catasto Terreni.
visura-storica,Palermo,PALERMO,9,289,,F,,analitica,,Land Registry map viewport (lat 38.192590 lng 13.310479 z19.13); parcel G273_000900.289; Storica Analitica Visura per Immobile - Catasto Fabbricati (all units on the particella).
visura-storica,Palermo,PALERMO,9,356,,T,,analitica,,Land Registry map viewport (lat 38.192590 lng 13.310479 z19.13); parcel G273_000900.356; Storica Analitica Visura per Immobile - Catasto Terreni.
visura-storica,Palermo,PALERMO,9,356,,F,,analitica,,Land Registry map viewport (lat 38.192590 lng 13.310479 z19.13); parcel G273_000900.356; Storica Analitica Visura per Immobile - Catasto Fabbricati (all units on the particella).
visura-storica,Palermo,PALERMO,9,458,,T,,analitica,,Land Registry map viewport (lat 38.192590 lng 13.310479 z19.13); parcel G273_000900.458; Storica Analitica Visura per Immobile - Catasto Terreni.
visura-storica,Palermo,PALERMO,9,458,,F,,analitica,,Land Registry map viewport (lat 38.192590 lng 13.310479 z19.13); parcel G273_000900.458; Storica Analitica Visura per Immobile - Catasto Fabbricati (all units on the particella).
visura-storica,Palermo,PALERMO,9,464,,T,,analitica,,Land Registry map viewport (lat 38.192590 lng 13.310479 z19.13); parcel G273_000900.464; Storica Analitica Visura per Immobile - Catasto Terreni.
visura-storica,Palermo,PALERMO,9,464,,F,,analitica,,Land Registry map viewport (lat 38.192590 lng 13.310479 z19.13); parcel G273_000900.464; Storica Analitica Visura per Immobile - Catasto Fabbricati (all units on the particella).
visura-storica,Palermo,PALERMO,9,466,,T,,analitica,,Land Registry map viewport (lat 38.192590 lng 13.310479 z19.13); parcel G273_000900.466; Storica Analitica Visura per Immobile - Catasto Terreni.
visura-storica,Palermo,PALERMO,9,466,,F,,analitica,,Land Registry map viewport (lat 38.192590 lng 13.310479 z19.13); parcel G273_000900.466; Storica Analitica Visura per Immobile - Catasto Fabbricati (all units on the particella).
visura-storica,Palermo,PALERMO,9,467,,T,,analitica,,Land Registry map viewport (lat 38.192590 lng 13.310479 z19.13); parcel G273_000900.467; Storica Analitica Visura per Immobile - Catasto Terreni.
visura-storica,Palermo,PALERMO,9,467,,F,,analitica,,Land Registry map viewport (lat 38.192590 lng 13.310479 z19.13); parcel G273_000900.467; Storica Analitica Visura per Immobile - Catasto Fabbricati (all units on the particella).
visura-storica,Palermo,PALERMO,9,468,,T,,analitica,,Land Registry map viewport (lat 38.192590 lng 13.310479 z19.13); parcel G273_000900.468; Storica Analitica Visura per Immobile - Catasto Terreni.
visura-storica,Palermo,PALERMO,9,468,,F,,analitica,,Land Registry map viewport (lat 38.192590 lng 13.310479 z19.13); parcel G273_000900.468; Storica Analitica Visura per Immobile - Catasto Fabbricati (all units on the particella).
visura-storica,Palermo,PALERMO,9,471,,T,,analitica,,Land Registry map viewport (lat 38.192590 lng 13.310479 z19.13); parcel G273_000900.471; Storica Analitica Visura per Immobile - Catasto Terreni.
visura-storica,Palermo,PALERMO,9,471,,F,,analitica,,Land Registry map viewport (lat 38.192590 lng 13.310479 z19.13); parcel G273_000900.471; Storica Analitica Visura per Immobile - Catasto Fabbricati (all units on the particella).
visura-storica,Palermo,PALERMO,9,472,,T,,analitica,,Land Registry map viewport (lat 38.192590 lng 13.310479 z19.13); parcel G273_000900.472; Storica Analitica Visura per Immobile - Catasto Terreni.
visura-storica,Palermo,PALERMO,9,472,,F,,analitica,,Land Registry map viewport (lat 38.192590 lng 13.310479 z19.13); parcel G273_000900.472; Storica Analitica Visura per Immobile - Catasto Fabbricati (all units on the particella).
visura-storica,Palermo,PALERMO,9,495,,T,,analitica,,Land Registry map viewport (lat 38.192590 lng 13.310479 z19.13); parcel G273_000900.495; Storica Analitica Visura per Immobile - Catasto Terreni.
visura-storica,Palermo,PALERMO,9,495,,F,,analitica,,Land Registry map viewport (lat 38.192590 lng 13.310479 z19.13); parcel G273_000900.495; Storica Analitica Visura per Immobile - Catasto Fabbricati (all units on the particella).
visura-storica,Palermo,PALERMO,9,499,,T,,analitica,,Land Registry map viewport (lat 38.192590 lng 13.310479 z19.13); parcel G273_000900.499; Storica Analitica Visura per Immobile - Catasto Terreni.
visura-storica,Palermo,PALERMO,9,499,,F,,analitica,,Land Registry map viewport (lat 38.192590 lng 13.310479 z19.13); parcel G273_000900.499; Storica Analitica Visura per Immobile - Catasto Fabbricati (all units on the particella).
visura-storica,Palermo,PALERMO,9,593,,T,,analitica,,Land Registry map viewport (lat 38.192590 lng 13.310479 z19.13); parcel G273_000900.593; Storica Analitica Visura per Immobile - Catasto Terreni.
visura-storica,Palermo,PALERMO,9,593,,F,,analitica,,Land Registry map viewport (lat 38.192590 lng 13.310479 z19.13); parcel G273_000900.593; Storica Analitica Visura per Immobile - Catasto Fabbricati (all units on the particella).
visura-storica,Palermo,PALERMO,9,609,,T,,analitica,,Land Registry map viewport (lat 38.192590 lng 13.310479 z19.13); parcel G273_000900.609; Storica Analitica Visura per Immobile - Catasto Terreni.
visura-storica,Palermo,PALERMO,9,609,,F,,analitica,,Land Registry map viewport (lat 38.192590 lng 13.310479 z19.13); parcel G273_000900.609; Storica Analitica Visura per Immobile - Catasto Fabbricati (all units on the particella).
visura-storica,Palermo,PALERMO,9,610,,T,,analitica,,Land Registry map viewport (lat 38.192590 lng 13.310479 z19.13); parcel G273_000900.610; Storica Analitica Visura per Immobile - Catasto Terreni.
visura-storica,Palermo,PALERMO,9,610,,F,,analitica,,Land Registry map viewport (lat 38.192590 lng 13.310479 z19.13); parcel G273_000900.610; Storica Analitica Visura per Immobile - Catasto Fabbricati (all units on the particella).
visura-storica,Palermo,PALERMO,9,611,,T,,analitica,,Land Registry map viewport (lat 38.192590 lng 13.310479 z19.13); parcel G273_000900.611; Storica Analitica Visura per Immobile - Catasto Terreni.
visura-storica,Palermo,PALERMO,9,611,,F,,analitica,,Land Registry map viewport (lat 38.192590 lng 13.310479 z19.13); parcel G273_000900.611; Storica Analitica Visura per Immobile - Catasto Fabbricati (all units on the particella).
visura-storica,Palermo,PALERMO,9,613,,T,,analitica,,Land Registry map viewport (lat 38.192590 lng 13.310479 z19.13); parcel G273_000900.613; Storica Analitica Visura per Immobile - Catasto Terreni.
visura-storica,Palermo,PALERMO,9,613,,F,,analitica,,Land Registry map viewport (lat 38.192590 lng 13.310479 z19.13); parcel G273_000900.613; Storica Analitica Visura per Immobile - Catasto Fabbricati (all units on the particella).
visura-storica,Palermo,PALERMO,9,627,,T,,analitica,,Land Registry map viewport (lat 38.192590 lng 13.310479 z19.13); parcel G273_000900.627; Storica Analitica Visura per Immobile - Catasto Terreni.
visura-storica,Palermo,PALERMO,9,627,,F,,analitica,,Land Registry map viewport (lat 38.192590 lng 13.310479 z19.13); parcel G273_000900.627; Storica Analitica Visura per Immobile - Catasto Fabbricati (all units on the particella).
visura-storica,Palermo,PALERMO,9,628,,T,,analitica,,Land Registry map viewport (lat 38.192590 lng 13.310479 z19.13); parcel G273_000900.628; Storica Analitica Visura per Immobile - Catasto Terreni.
visura-storica,Palermo,PALERMO,9,628,,F,,analitica,,Land Registry map viewport (lat 38.192590 lng 13.310479 z19.13); parcel G273_000900.628; Storica Analitica Visura per Immobile - Catasto Fabbricati (all units on the particella).
visura-storica,Palermo,PALERMO,9,896,,T,,analitica,,Land Registry map viewport (lat 38.192590 lng 13.310479 z19.13); parcel G273_000900.896; Storica Analitica Visura per Immobile - Catasto Terreni.
visura-storica,Palermo,PALERMO,9,896,,F,,analitica,,Land Registry map viewport (lat 38.192590 lng 13.310479 z19.13); parcel G273_000900.896; Storica Analitica Visura per Immobile - Catasto Fabbricati (all units on the particella).
visura-storica,Palermo,PALERMO,9,1204,,T,,analitica,,Land Registry map viewport (lat 38.192590 lng 13.310479 z19.13); parcel G273_000900.1204; Storica Analitica Visura per Immobile - Catasto Terreni.
visura-storica,Palermo,PALERMO,9,1204,,F,,analitica,,Land Registry map viewport (lat 38.192590 lng 13.310479 z19.13); parcel G273_000900.1204; Storica Analitica Visura per Immobile - Catasto Fabbricati (all units on the particella).
visura-storica,Palermo,PALERMO,9,1205,,T,,analitica,,Land Registry map viewport (lat 38.192590 lng 13.310479 z19.13); parcel G273_000900.1205; Storica Analitica Visura per Immobile - Catasto Terreni.
visura-storica,Palermo,PALERMO,9,1205,,F,,analitica,,Land Registry map viewport (lat 38.192590 lng 13.310479 z19.13); parcel G273_000900.1205; Storica Analitica Visura per Immobile - Catasto Fabbricati (all units on the particella).
visura-storica,Palermo,PALERMO,9,1209,,T,,analitica,,Land Registry map viewport (lat 38.192590 lng 13.310479 z19.13); parcel G273_000900.1209; Storica Analitica Visura per Immobile - Catasto Terreni.
visura-storica,Palermo,PALERMO,9,1209,,F,,analitica,,Land Registry map viewport (lat 38.192590 lng 13.310479 z19.13); parcel G273_000900.1209; Storica Analitica Visura per Immobile - Catasto Fabbricati (all units on the particella).
visura-storica,Palermo,PALERMO,9,1214,,T,,analitica,,Land Registry map viewport (lat 38.192590 lng 13.310479 z19.13); parcel G273_000900.1214; Storica Analitica Visura per Immobile - Catasto Terreni.
visura-storica,Palermo,PALERMO,9,1214,,F,,analitica,,Land Registry map viewport (lat 38.192590 lng 13.310479 z19.13); parcel G273_000900.1214; Storica Analitica Visura per Immobile - Catasto Fabbricati (all units on the particella).
visura-storica,Palermo,PALERMO,9,1216,,T,,analitica,,Land Registry map viewport (lat 38.192590 lng 13.310479 z19.13); parcel G273_000900.1216; Storica Analitica Visura per Immobile - Catasto Terreni.
visura-storica,Palermo,PALERMO,9,1216,,F,,analitica,,Land Registry map viewport (lat 38.192590 lng 13.310479 z19.13); parcel G273_000900.1216; Storica Analitica Visura per Immobile - Catasto Fabbricati (all units on the particella).
visura-storica,Palermo,PALERMO,9,1252,,T,,analitica,,Land Registry map viewport (lat 38.192590 lng 13.310479 z19.13); parcel G273_000900.1252; Storica Analitica Visura per Immobile - Catasto Terreni.
visura-storica,Palermo,PALERMO,9,1252,,F,,analitica,,Land Registry map viewport (lat 38.192590 lng 13.310479 z19.13); parcel G273_000900.1252; Storica Analitica Visura per Immobile - Catasto Fabbricati (all units on the particella).
visura-storica,Palermo,PALERMO,9,1253,,T,,analitica,,Land Registry map viewport (lat 38.192590 lng 13.310479 z19.13); parcel G273_000900.1253; Storica Analitica Visura per Immobile - Catasto Terreni.
visura-storica,Palermo,PALERMO,9,1253,,F,,analitica,,Land Registry map viewport (lat 38.192590 lng 13.310479 z19.13); parcel G273_000900.1253; Storica Analitica Visura per Immobile - Catasto Fabbricati (all units on the particella).
visura-storica,Palermo,PALERMO,9,1377,,T,,analitica,,Land Registry map viewport (lat 38.192590 lng 13.310479 z19.13); parcel G273_000900.1377; Storica Analitica Visura per Immobile - Catasto Terreni.
visura-storica,Palermo,PALERMO,9,1377,,F,,analitica,,Land Registry map viewport (lat 38.192590 lng 13.310479 z19.13); parcel G273_000900.1377; Storica Analitica Visura per Immobile - Catasto Fabbricati (all units on the particella).
visura-storica,Palermo,PALERMO,9,1452,,T,,analitica,,Land Registry map viewport (lat 38.192590 lng 13.310479 z19.13); parcel G273_000900.1452; Storica Analitica Visura per Immobile - Catasto Terreni.
visura-storica,Palermo,PALERMO,9,1452,,F,,analitica,,Land Registry map viewport (lat 38.192590 lng 13.310479 z19.13); parcel G273_000900.1452; Storica Analitica Visura per Immobile - Catasto Fabbricati (all units on the particella).
visura-storica,Palermo,PALERMO,9,1462,,T,,analitica,,Land Registry map viewport (lat 38.192590 lng 13.310479 z19.13); parcel G273_000900.1462; Storica Analitica Visura per Immobile - Catasto Terreni.
visura-storica,Palermo,PALERMO,9,1462,,F,,analitica,,Land Registry map viewport (lat 38.192590 lng 13.310479 z19.13); parcel G273_000900.1462; Storica Analitica Visura per Immobile - Catasto Fabbricati (all units on the particella).
visura-storica,Palermo,PALERMO,9,1582,,T,,analitica,,Land Registry map viewport (lat 38.192590 lng 13.310479 z19.13); parcel G273_000900.1582; Storica Analitica Visura per Immobile - Catasto Terreni.
visura-storica,Palermo,PALERMO,9,1582,,F,,analitica,,Land Registry map viewport (lat 38.192590 lng 13.310479 z19.13); parcel G273_000900.1582; Storica Analitica Visura per Immobile - Catasto Fabbricati (all units on the particella).
visura-storica,Palermo,PALERMO,9,1583,,T,,analitica,,Land Registry map viewport (lat 38.192590 lng 13.310479 z19.13); parcel G273_000900.1583; Storica Analitica Visura per Immobile - Catasto Terreni.
visura-storica,Palermo,PALERMO,9,1583,,F,,analitica,,Land Registry map viewport (lat 38.192590 lng 13.310479 z19.13); parcel G273_000900.1583; Storica Analitica Visura per Immobile - Catasto Fabbricati (all units on the particella).
visura-storica,Palermo,PALERMO,9,1587,,T,,analitica,,Land Registry map viewport (lat 38.192590 lng 13.310479 z19.13); parcel G273_000900.1587; Storica Analitica Visura per Immobile - Catasto Terreni.
visura-storica,Palermo,PALERMO,9,1587,,F,,analitica,,Land Registry map viewport (lat 38.192590 lng 13.310479 z19.13); parcel G273_000900.1587; Storica Analitica Visura per Immobile - Catasto Fabbricati (all units on the particella).
visura-storica,Palermo,PALERMO,9,1621,,T,,analitica,,Land Registry map viewport (lat 38.192590 lng 13.310479 z19.13); parcel G273_000900.1621; Storica Analitica Visura per Immobile - Catasto Terreni.
visura-storica,Palermo,PALERMO,9,1621,,F,,analitica,,Land Registry map viewport (lat 38.192590 lng 13.310479 z19.13); parcel G273_000900.1621; Storica Analitica Visura per Immobile - Catasto Fabbricati (all units on the particella).
visura-storica,Palermo,PALERMO,9,1622,,T,,analitica,,Land Registry map viewport (lat 38.192590 lng 13.310479 z19.13); parcel G273_000900.1622; Storica Analitica Visura per Immobile - Catasto Terreni.
visura-storica,Palermo,PALERMO,9,1622,,F,,analitica,,Land Registry map viewport (lat 38.192590 lng 13.310479 z19.13); parcel G273_000900.1622; Storica Analitica Visura per Immobile - Catasto Fabbricati (all units on the particella).
visura-storica,Palermo,PALERMO,9,1623,,T,,analitica,,Land Registry map viewport (lat 38.192590 lng 13.310479 z19.13); parcel G273_000900.1623; Storica Analitica Visura per Immobile - Catasto Terreni.
visura-storica,Palermo,PALERMO,9,1623,,F,,analitica,,Land Registry map viewport (lat 38.192590 lng 13.310479 z19.13); parcel G273_000900.1623; Storica Analitica Visura per Immobile - Catasto Fabbricati (all units on the particella).
visura-storica,Palermo,PALERMO,9,1630,,T,,analitica,,Land Registry map viewport (lat 38.192590 lng 13.310479 z19.13); parcel G273_000900.1630; Storica Analitica Visura per Immobile - Catasto Terreni.
visura-storica,Palermo,PALERMO,9,1630,,F,,analitica,,Land Registry map viewport (lat 38.192590 lng 13.310479 z19.13); parcel G273_000900.1630; Storica Analitica Visura per Immobile - Catasto Fabbricati (all units on the particella).
visura-storica,Palermo,PALERMO,9,1631,,T,,analitica,,Land Registry map viewport (lat 38.192590 lng 13.310479 z19.13); parcel G273_000900.1631; Storica Analitica Visura per Immobile - Catasto Terreni.
visura-storica,Palermo,PALERMO,9,1631,,F,,analitica,,Land Registry map viewport (lat 38.192590 lng 13.310479 z19.13); parcel G273_000900.1631; Storica Analitica Visura per Immobile - Catasto Fabbricati (all units on the particella).
visura-storica,Palermo,PALERMO,9,2313,,T,,analitica,,Land Registry map viewport (lat 38.192590 lng 13.310479 z19.13); parcel G273_000900.2313; Storica Analitica Visura per Immobile - Catasto Terreni.
visura-storica,Palermo,PALERMO,9,2313,,F,,analitica,,Land Registry map viewport (lat 38.192590 lng 13.310479 z19.13); parcel G273_000900.2313; Storica Analitica Visura per Immobile - Catasto Fabbricati (all units on the particella).
visura-storica,Palermo,PALERMO,9,2314,,T,,analitica,,Land Registry map viewport (lat 38.192590 lng 13.310479 z19.13); parcel G273_000900.2314; Storica Analitica Visura per Immobile - Catasto Terreni.
visura-storica,Palermo,PALERMO,9,2314,,F,,analitica,,Land Registry map viewport (lat 38.192590 lng 13.310479 z19.13); parcel G273_000900.2314; Storica Analitica Visura per Immobile - Catasto Fabbricati (all units on the particella).
visura-storica,Palermo,PALERMO,9,2404,,T,,analitica,,Land Registry map viewport (lat 38.192590 lng 13.310479 z19.13); parcel G273_000900.2404; Storica Analitica Visura per Immobile - Catasto Terreni.
visura-storica,Palermo,PALERMO,9,2404,,F,,analitica,,Land Registry map viewport (lat 38.192590 lng 13.310479 z19.13); parcel G273_000900.2404; Storica Analitica Visura per Immobile - Catasto Fabbricati (all units on the particella).
visura-storica,Palermo,PALERMO,9,2411,,T,,analitica,,Land Registry map viewport (lat 38.192590 lng 13.310479 z19.13); parcel G273_000900.2411; Storica Analitica Visura per Immobile - Catasto Terreni.
visura-storica,Palermo,PALERMO,9,2411,,F,,analitica,,Land Registry map viewport (lat 38.192590 lng 13.310479 z19.13); parcel G273_000900.2411; Storica Analitica Visura per Immobile - Catasto Fabbricati (all units on the particella).
visura-storica,Palermo,PALERMO,9,2418,,T,,analitica,,Land Registry map viewport (lat 38.192590 lng 13.310479 z19.13); parcel G273_000900.2418; Storica Analitica Visura per Immobile - Catasto Terreni.
visura-storica,Palermo,PALERMO,9,2418,,F,,analitica,,Land Registry map viewport (lat 38.192590 lng 13.310479 z19.13); parcel G273_000900.2418; Storica Analitica Visura per Immobile - Catasto Fabbricati (all units on the particella).
visura-storica,Palermo,PALERMO,9,2419,,T,,analitica,,Land Registry map viewport (lat 38.192590 lng 13.310479 z19.13); parcel G273_000900.2419; Storica Analitica Visura per Immobile - Catasto Terreni.
visura-storica,Palermo,PALERMO,9,2419,,F,,analitica,,Land Registry map viewport (lat 38.192590 lng 13.310479 z19.13); parcel G273_000900.2419; Storica Analitica Visura per Immobile - Catasto Fabbricati (all units on the particella).
visura-storica,Palermo,PALERMO,9,2469,,T,,analitica,,Land Registry map viewport (lat 38.192590 lng 13.310479 z19.13); parcel G273_000900.2469; Storica Analitica Visura per Immobile - Catasto Terreni.
visura-storica,Palermo,PALERMO,9,2469,,F,,analitica,,Land Registry map viewport (lat 38.192590 lng 13.310479 z19.13); parcel G273_000900.2469; Storica Analitica Visura per Immobile - Catasto Fabbricati (all units on the particella).
visura-storica,Palermo,PALERMO,9,2484,,T,,analitica,,Land Registry map viewport (lat 38.192590 lng 13.310479 z19.13); parcel G273_000900.2484; Storica Analitica Visura per Immobile - Catasto Terreni.
visura-storica,Palermo,PALERMO,9,2484,,F,,analitica,,Land Registry map viewport (lat 38.192590 lng 13.310479 z19.13); parcel G273_000900.2484; Storica Analitica Visura per Immobile - Catasto Fabbricati (all units on the particella).
visura-storica,Palermo,PALERMO,9,2565,,T,,analitica,,Land Registry map viewport (lat 38.192590 lng 13.310479 z19.13); parcel G273_000900.2565; Storica Analitica Visura per Immobile - Catasto Terreni.
visura-storica,Palermo,PALERMO,9,2565,,F,,analitica,,Land Registry map viewport (lat 38.192590 lng 13.310479 z19.13); parcel G273_000900.2565; Storica Analitica Visura per Immobile - Catasto Fabbricati (all units on the particella).
visura-storica,Palermo,PALERMO,9,2572,,T,,analitica,,Land Registry map viewport (lat 38.192590 lng 13.310479 z19.13); parcel G273_000900.2572; Storica Analitica Visura per Immobile - Catasto Terreni.
visura-storica,Palermo,PALERMO,9,2572,,F,,analitica,,Land Registry map viewport (lat 38.192590 lng 13.310479 z19.13); parcel G273_000900.2572; Storica Analitica Visura per Immobile - Catasto Fabbricati (all units on the particella).
visura-storica,Palermo,PALERMO,9,2638,,T,,analitica,,Land Registry map viewport (lat 38.192590 lng 13.310479 z19.13); parcel G273_000900.2638; Storica Analitica Visura per Immobile - Catasto Terreni.
visura-storica,Palermo,PALERMO,9,2638,,F,,analitica,,Land Registry map viewport (lat 38.192590 lng 13.310479 z19.13); parcel G273_000900.2638; Storica Analitica Visura per Immobile - Catasto Fabbricati (all units on the particella).
visura-storica,Palermo,PALERMO,9,2694,,T,,analitica,,Land Registry map viewport (lat 38.192590 lng 13.310479 z19.13); parcel G273_000900.2694; Storica Analitica Visura per Immobile - Catasto Terreni.
visura-storica,Palermo,PALERMO,9,2694,,F,,analitica,,Land Registry map viewport (lat 38.192590 lng 13.310479 z19.13); parcel G273_000900.2694; Storica Analitica Visura per Immobile - Catasto Fabbricati (all units on the particella).
visura-storica,Palermo,PALERMO,9,2695,,T,,analitica,,Land Registry map viewport (lat 38.192590 lng 13.310479 z19.13); parcel G273_000900.2695; Storica Analitica Visura per Immobile - Catasto Terreni.
visura-storica,Palermo,PALERMO,9,2695,,F,,analitica,,Land Registry map viewport (lat 38.192590 lng 13.310479 z19.13); parcel G273_000900.2695; Storica Analitica Visura per Immobile - Catasto Fabbricati (all units on the particella).
visura-storica,Palermo,PALERMO,9,2868,,T,,analitica,,Land Registry map viewport (lat 38.192590 lng 13.310479 z19.13); parcel G273_000900.2868; Storica Analitica Visura per Immobile - Catasto Terreni.
visura-storica,Palermo,PALERMO,9,2868,,F,,analitica,,Land Registry map viewport (lat 38.192590 lng 13.310479 z19.13); parcel G273_000900.2868; Storica Analitica Visura per Immobile - Catasto Fabbricati (all units on the particella).
visura-storica,Palermo,PALERMO,9,3189,,T,,analitica,,Land Registry map viewport (lat 38.192590 lng 13.310479 z19.13); parcel G273_000900.3189; Storica Analitica Visura per Immobile - Catasto Terreni.
visura-storica,Palermo,PALERMO,9,3189,,F,,analitica,,Land Registry map viewport (lat 38.192590 lng 13.310479 z19.13); parcel G273_000900.3189; Storica Analitica Visura per Immobile - Catasto Fabbricati (all units on the particella).
visura-storica,Palermo,PALERMO,9,3237,,T,,analitica,,Land Registry map viewport (lat 38.192590 lng 13.310479 z19.13); parcel G273_000900.3237; Storica Analitica Visura per Immobile - Catasto Terreni.
visura-storica,Palermo,PALERMO,9,3237,,F,,analitica,,Land Registry map viewport (lat 38.192590 lng 13.310479 z19.13); parcel G273_000900.3237; Storica Analitica Visura per Immobile - Catasto Fabbricati (all units on the particella).
visura-storica,Palermo,PALERMO,9,3239,,T,,analitica,,Land Registry map viewport (lat 38.192590 lng 13.310479 z19.13); parcel G273_000900.3239; Storica Analitica Visura per Immobile - Catasto Terreni.
visura-storica,Palermo,PALERMO,9,3239,,F,,analitica,,Land Registry map viewport (lat 38.192590 lng 13.310479 z19.13); parcel G273_000900.3239; Storica Analitica Visura per Immobile - Catasto Fabbricati (all units on the particella).
visura-storica,Palermo,PALERMO,9,3240,,T,,analitica,,Land Registry map viewport (lat 38.192590 lng 13.310479 z19.13); parcel G273_000900.3240; Storica Analitica Visura per Immobile - Catasto Terreni.
visura-storica,Palermo,PALERMO,9,3240,,F,,analitica,,Land Registry map viewport (lat 38.192590 lng 13.310479 z19.13); parcel G273_000900.3240; Storica Analitica Visura per Immobile - Catasto Fabbricati (all units on the particella).
visura-storica,Palermo,PALERMO,9,3241,,T,,analitica,,Land Registry map viewport (lat 38.192590 lng 13.310479 z19.13); parcel G273_000900.3241; Storica Analitica Visura per Immobile - Catasto Terreni.
visura-storica,Palermo,PALERMO,9,3241,,F,,analitica,,Land Registry map viewport (lat 38.192590 lng 13.310479 z19.13); parcel G273_000900.3241; Storica Analitica Visura per Immobile - Catasto Fabbricati (all units on the particella).
visura-storica,Palermo,PALERMO,9,3295,,T,,analitica,,Land Registry map viewport (lat 38.192590 lng 13.310479 z19.13); parcel G273_000900.3295; Storica Analitica Visura per Immobile - Catasto Terreni.
visura-storica,Palermo,PALERMO,9,3295,,F,,analitica,,Land Registry map viewport (lat 38.192590 lng 13.310479 z19.13); parcel G273_000900.3295; Storica Analitica Visura per Immobile - Catasto Fabbricati (all units on the particella).
visura-storica,Palermo,PALERMO,9,3297,,T,,analitica,,Land Registry map viewport (lat 38.192590 lng 13.310479 z19.13); parcel G273_000900.3297; Storica Analitica Visura per Immobile - Catasto Terreni.
visura-storica,Palermo,PALERMO,9,3297,,F,,analitica,,Land Registry map viewport (lat 38.192590 lng 13.310479 z19.13); parcel G273_000900.3297; Storica Analitica Visura per Immobile - Catasto Fabbricati (all units on the particella).
visura-storica,Palermo,PALERMO,9,3299,,T,,analitica,,Land Registry map viewport (lat 38.192590 lng 13.310479 z19.13); parcel G273_000900.3299; Storica Analitica Visura per Immobile - Catasto Terreni.
visura-storica,Palermo,PALERMO,9,3299,,F,,analitica,,Land Registry map viewport (lat 38.192590 lng 13.310479 z19.13); parcel G273_000900.3299; Storica Analitica Visura per Immobile - Catasto Fabbricati (all units on the particella).
visura-storica,Palermo,PALERMO,9,3300,,T,,analitica,,Land Registry map viewport (lat 38.192590 lng 13.310479 z19.13); parcel G273_000900.3300; Storica Analitica Visura per Immobile - Catasto Terreni.
visura-storica,Palermo,PALERMO,9,3300,,F,,analitica,,Land Registry map viewport (lat 38.192590 lng 13.310479 z19.13); parcel G273_000900.3300; Storica Analitica Visura per Immobile - Catasto Fabbricati (all units on the particella).
visura-storica,Palermo,PALERMO,9,3301,,T,,analitica,,Land Registry map viewport (lat 38.192590 lng 13.310479 z19.13); parcel G273_000900.3301; Storica Analitica Visura per Immobile - Catasto Terreni.
visura-storica,Palermo,PALERMO,9,3301,,F,,analitica,,Land Registry map viewport (lat 38.192590 lng 13.310479 z19.13); parcel G273_000900.3301; Storica Analitica Visura per Immobile - Catasto Fabbricati (all units on the particella).
visura-storica,Palermo,PALERMO,9,3440,,T,,analitica,,Land Registry map viewport (lat 38.192590 lng 13.310479 z19.13); parcel G273_000900.3440; Storica Analitica Visura per Immobile - Catasto Terreni.
visura-storica,Palermo,PALERMO,9,3440,,F,,analitica,,Land Registry map viewport (lat 38.192590 lng 13.310479 z19.13); parcel G273_000900.3440; Storica Analitica Visura per Immobile - Catasto Fabbricati (all units on the particella).
visura-storica,Palermo,PALERMO,9,3478,,T,,analitica,,Land Registry map viewport (lat 38.192590 lng 13.310479 z19.13); parcel G273_000900.3478; Storica Analitica Visura per Immobile - Catasto Terreni.
visura-storica,Palermo,PALERMO,9,3478,,F,,analitica,,Land Registry map viewport (lat 38.192590 lng 13.310479 z19.13); parcel G273_000900.3478; Storica Analitica Visura per Immobile - Catasto Fabbricati (all units on the particella).
