command,provincia,comune,foglio,particella,subalterno,tipo_catasto,codice_fiscale,vista,source_files
visura-storica,Ravenna,RAVENNA,101,2,16,F,,,vi_sto_RA_FG101_PT2_SUB16.pdf
visura-storica,Ravenna,RAVENNA,101,2,17,F,,,vi_sto_RA_FG101_PT2_SUB17.pdf
visura-storica,Ravenna,RAVENNA,101,2,26,F,,,vi_sto_RA_FG101_PT2_SUB26.pdf
visura-storica,Ravenna,RAVENNA,101,2,27,F,,,vi_sto_RA_FG101_PT2_SUB27.pdf
visura-storica,Ravenna,RAVENNA,101,2,28,F,,,vi_sto_RA_FG101_PT2_SUB28.pdf
visura-storica,Ravenna,RAVENNA,101,2,29,F,,,vi_sto_RA_FG101_PT2_SUB29.pdf
visura-storica,Ravenna,RAVENNA,101,2,30,F,,,vi_sto_RA_FG101_PT2_SUB30.pdf
visura-storica,Ravenna,RAVENNA,101,2,31,F,,,vi_sto_RA_FG101_PT2_SUB31.pdf
visura-storica,Ravenna,RAVENNA,101,2,57,F,,,vi_sto_RA_FG101_PT2_SUB57.pdf
visura-storica,Ravenna,RAVENNA,101,2,58,F,,,vi_sto_RA_FG101_PT2_SUB58.pdf
visura-storica,Ravenna,RAVENNA,101,2,59,F,,,vi_sto_RA_FG101_PT2_SUB59.pdf
visura-storica,Ravenna,RAVENNA,101,2,60,F,,,vi_sto_RA_FG101_PT2_SUB60.pdf
visura-storica,Ravenna,RAVENNA,101,2,61,F,,,vi_sto_RA_FG101_PT2_SUB61.pdf
visura-storica,Ravenna,RAVENNA,101,2,63,F,,,vi_sto_RA_FG101_PT2_SUB63.pdf
visura-storica,Ravenna,RAVENNA,101,230,,T,,,vi_sto_RA_FG101_PT230.pdf
visura-storica,Ravenna,RAVENNA,103,1714,16,F,,,vi_sto_RA_FG103_PT1714_SUB16.pdf
visura-storica,Ravenna,RAVENNA,103,1714,17,F,,,vi_sto_RA_FG103_PT1714_SUB17.pdf
visura-storica,Ravenna,RAVENNA,103,1714,18,F,,,vi_sto_RA_FG103_PT1714_SUB18.pdf
visura-storica,Ravenna,RAVENNA,103,1714,19,F,,,vi_sto_RA_FG103_PT1714_SUB19.pdf
visura-storica,Ravenna,RAVENNA,103,1714,8,F,,,vi_sto_RA_FG103_PT1714_SUB8_T196002_2025.pdf; vi_sto_RA_FG103_PT1714_SUB8_T196105_2025.pdf
visura-storica,Ravenna,RAVENNA,103,1714,9,F,,,vi_sto_RA_FG103_PT1714_SUB9.pdf
visura-storica,Ravenna,RAVENNA,2,246,,T,,,vi_sto_ter_RA_SAVIO_FG002_PT246.pdf
soggetto-documento,NAZIONALE,,,,,E,CMNCHR82T46H199I,analitica,vs_att_CMNCHR82T46H199I.pdf
soggetto-documento,NAZIONALE,,,,,E,CNGRNT83D09H501D,analitica,vs_att_CNGRNT83D09H501D.pdf
soggetto-documento,NAZIONALE,,,,,E,CNNMNL74L04G273K,analitica,vs_att_CNNMNL74L04G273K_T149343_2026.pdf
soggetto-documento,NAZIONALE,,,,,E,DMSNRC76B24B990Q,analitica,vs_att_DMSNRC76B24B990Q.pdf
soggetto-documento,NAZIONALE,,,,,E,FNTMRA59E10C553Q,analitica,vs_att_FNTMRA59E10C553Q.pdf
soggetto-documento,NAZIONALE,,,,,E,FRSLSE77B54E730C,sintetica,vs_sin_FRSLSE77B54E730C_CE.pdf
soggetto-documento,NAZIONALE,,,,,E,FRSMVT95P53H199F,analitica,vs_att_FRSMVT95P53H199F_T479404_2026.pdf
soggetto-documento,NAZIONALE,,,,,E,GRNFNC74C56C573Y,analitica,vs_att_GRNFNC74C56C573Y.pdf
soggetto-documento,NAZIONALE,,,,,E,MDAGLN53C09Z603E,analitica,vs_att_MDAGLN53C09Z603E.pdf
soggetto-documento,NAZIONALE,,,,,E,MDATMS94D18H199K,analitica,vs_att_MDATMS94D18H199K.pdf
soggetto-documento,NAZIONALE,,,,,E,MZZDNL63R50C553D,analitica,vs_att_MZZDNL63R50C553D.pdf
soggetto-documento,NAZIONALE,,,,,E,MZZSNT59B53C553C,analitica,vs_att_MZZSNT59B53C553C.pdf
soggetto-documento,NAZIONALE,,,,,E,RCLSRN69R64H199H,analitica,vs_att_RCLSRN69R64H199H.pdf
soggetto-documento,NAZIONALE,,,,,E,RSSMPN69R71F433Z,analitica,vs_att_RSSMPN69R71F433Z.pdf
soggetto-documento,NAZIONALE,,,,,E,VRGVTR77R23E472E,analitica,vs_att_VRGVTR77R23E472E.pdf
