source_pdf_id,source_pdf,document_type,view_subtype,reference_date,companion_status,matching_files,batch_status,command,provincia,comune,foglio,particella,subalterno,tipo_catasto,codice_fiscale,vista,reason
375,E_D_M_PALERMO_PA_FG_11_PART_1752_2061803660.pdf,visura,,,no_xml_or_p7m_in_database,,excluded,,,,,,,,,,No current XML/P7M retrieval command for this PDF document type.
377,elab_plan_RA_FG103_PT1714_T364841_2026.pdf,visura_fabbricati,,30/04/2026,no_xml_or_p7m_in_database,,excluded,,,,,,,,,,No current XML/P7M retrieval command for this PDF document type.
378,elab_plan_RA_FG103_PT1714_T364877_2026.pdf,visura_fabbricati,,30/04/2026,no_xml_or_p7m_in_database,,excluded,,,,,,,,,,No current XML/P7M retrieval command for this PDF document type.
127,elab_plan_RA_FG103_PT1714_T47699_2026.pdf,elaborato_planimetrico,,10/04/2026,no_xml_or_p7m_in_database,,excluded,,,,,,,,,,No current XML/P7M retrieval command for this PDF document type.
24,elab_plan_RA_FG104_PT2154_T474362_2026.pdf,elaborato_planimetrico,,04/06/2026,no_xml_or_p7m_in_database,,excluded,,,,,,,,,,No current XML/P7M retrieval command for this PDF document type.
376,el_imm_RA_FG103_PT1714_T367097_2026.pdf,visura_fabbricati,,30/04/2026,no_xml_or_p7m_in_database,,excluded,,,,,,,,,,No current XML/P7M retrieval command for this PDF document type.
22,el_imm_RA_FG104_PT2154_T472948_2026.pdf,elenco_immobili,,04/06/2026,no_xml_or_p7m_in_database,,excluded,,,,,,,,,,No current XML/P7M retrieval command for this PDF document type.
37,el_sub_RA_FG104_PT2154_T474363_2026.pdf,epa,,,no_xml_or_p7m_in_database,,excluded,,,,,,,,,,No current XML/P7M retrieval command for this PDF document type.
379,isp_PA_FG9_PT1452_SUB5_T128678_2026.pdf,visura_fabbricati,,08/06/1992,no_xml_or_p7m_in_database,,excluded,,,,,,,,,,Paid Ispezione Ipotecaria; excluded from free batch.
380,isp_RA_FG103_PT1714_SUB8_T127709_2026.pdf,visura_fabbricati,,25/07/1996,no_xml_or_p7m_in_database,,excluded,,,,,,,,,,Paid Ispezione Ipotecaria; excluded from free batch.
381,isp_RA_FG103_PT1714_SUB8_T127709_2026_RP12336.pdf,visura_fabbricati,,,no_xml_or_p7m_in_database,,excluded,,,,,,,,,,Paid Ispezione Ipotecaria; excluded from free batch.
382,isp_RA_FG103_PT1714_SUB8_T282418_2025.pdf,visura_fabbricati,,25/07/1996,no_xml_or_p7m_in_database,,excluded,,,,,,,,,,Paid Ispezione Ipotecaria; excluded from free batch.
384,isp_RA_FG103_PT1714_SUB8_T72614_2025_DOC_1805334081.pdf,visura_fabbricati,,25/07/1996,no_xml_or_p7m_in_database,,excluded,,,,,,,,,,Paid Ispezione Ipotecaria; excluded from free batch.
383,isp_RA_FG103_PT1714_SUB8_T72614_2025.pdf,visura_fabbricati,,25/07/1996,no_xml_or_p7m_in_database,,excluded,,,,,,,,,,Paid Ispezione Ipotecaria; excluded from free batch.
385,isp_RA_FG103_PT1714_SUB8_T72614_2025_RP1325.pdf,visura_fabbricati,,,no_xml_or_p7m_in_database,,excluded,,,,,,,,,,Paid Ispezione Ipotecaria; excluded from free batch.
386,isp_RA_FG103_PT1714_SUB8_T72614_2025_RP3398.pdf,visura_fabbricati,,,no_xml_or_p7m_in_database,,excluded,,,,,,,,,,Paid Ispezione Ipotecaria; excluded from free batch.
387,isp_RA_FG103_PT1714_SUB8_T72614_2025_RP4006.pdf,visura_fabbricati,attuale,,no_xml_or_p7m_in_database,,excluded,,,,,,,,,,Paid Ispezione Ipotecaria; excluded from free batch.
388,isp_RA_FG103_PT1714_SUB8_T76437_2025.pdf,visura_fabbricati,,25/07/1996,no_xml_or_p7m_in_database,,excluded,,,,,,,,,,Paid Ispezione Ipotecaria; excluded from free batch.
129,mappa_RA_FG103_PT1174_DOC_1992447229.pdf,planimetria,,,no_xml_or_p7m_in_database,,excluded,,,,,,,,,,No current XML/P7M retrieval command for this PDF document type.
134,mappa_RA_FG103_PT1174_DOC_1992451876.pdf,planimetria,,,no_xml_or_p7m_in_database,,excluded,,,,,,,,,,No current XML/P7M retrieval command for this PDF document type.
135,mappa_RA_FG103_PT1174_DOC_1992451990.pdf,planimetria,,,no_xml_or_p7m_in_database,,excluded,,,,,,,,,,No current XML/P7M retrieval command for this PDF document type.
126,mappa_RA_FG103_PT1714.pdf,planimetria,,,no_xml_or_p7m_in_database,,excluded,,,,,,,,,,No current XML/P7M retrieval command for this PDF document type.
25,mappa_RA_FG104_PT2154.pdf,planimetria,,,no_xml_or_p7m_in_database,,excluded,,,,,,,,,,No current XML/P7M retrieval command for this PDF document type.
394,plan_RA_FG103_PT1714_SUB8.pdf,visura_fabbricati,,05/02/2026,no_xml_or_p7m_in_database,,excluded,,,,,,,,,,No current XML/P7M retrieval command for this PDF document type.
395,vi_att_PA_FG11_PT1073_SUB5_T359387_2026.pdf,visura_fabbricati,attuale,27/08/2026,no_xml_or_p7m_in_database,,queued,search,Palermo,PALERMO,11,1073,5,F,,analitica,"Mapped to a new deduplicated SISTER request; standard cadastral visura class, isp_* paid service excluded."
409,vi_att_PA_FG11_PT1752_T403854_2026.pdf,visura_fabbricati,attuale,27/08/2026,no_xml_or_p7m_in_database,,queued,search,Palermo,PALERMO,11,1752,1,F,,analitica,"Mapped to a new deduplicated SISTER request; standard cadastral visura class, isp_* paid service excluded."
410,vi_att_PA_FG11_PT1857_SUB1_T374051_2026.pdf,visura_fabbricati,attuale,27/08/2026,no_xml_or_p7m_in_database,,queued,search,Palermo,PALERMO,11,1857,1,F,,analitica,"Mapped to a new deduplicated SISTER request; standard cadastral visura class, isp_* paid service excluded."
23,vi_att_ter_RA_RAVENNA_FG104_PT2154.pdf,visura_terreni,attuale,04/06/2026,no_xml_or_p7m_in_database,,queued,search,Ravenna,RAVENNA,104,2154,,T,,analitica,"Mapped to a new deduplicated SISTER request; standard cadastral visura class, isp_* paid service excluded."
423,vi_sto_PA_FG30_PT126_SUB8.pdf,visura_fabbricati,storica,01/01/2019,no_xml_or_p7m_in_database,,queued,visura-storica,Palermo,PALERMO,30,126,8,F,,analitica,"Mapped to a new deduplicated SISTER request; standard cadastral visura class, isp_* paid service excluded."
139,vi_sto_RA_FG101_PT230.pdf,visura_fabbricati,storica,24/02/2026,no_xml_or_p7m_in_database,,queued,visura-storica,Ravenna,RAVENNA,101,230,,F,,analitica,"Mapped to a new deduplicated SISTER request; standard cadastral visura class, isp_* paid service excluded."
150,vi_sto_RA_FG101_PT2_SUB58.pdf,visura_fabbricati,storica,24/02/2026,no_xml_or_p7m_in_database,,queued,visura-storica,Ravenna,RAVENNA,101,2,58,F,,analitica,"Mapped to a new deduplicated SISTER request; standard cadastral visura class, isp_* paid service excluded."
450,vi_sto_RA_FG102_PT416_SUB118.pdf,visura_fabbricati,storica,12/02/2026,no_xml_or_p7m_in_database,,queued,visura-storica,Ravenna,RAVENNA,102,416,118,F,,analitica,"Mapped to a new deduplicated SISTER request; standard cadastral visura class, isp_* paid service excluded."
451,vi_sto_RA_FG102_PT416_SUB148.pdf,visura_fabbricati,storica,12/02/2026,no_xml_or_p7m_in_database,,queued,visura-storica,Ravenna,RAVENNA,102,416,148,F,,analitica,"Mapped to a new deduplicated SISTER request; standard cadastral visura class, isp_* paid service excluded."
452,vi_sto_RA_FG102_PT416_SUB28.pdf,visura_fabbricati,storica,12/02/2026,no_xml_or_p7m_in_database,,queued,visura-storica,Ravenna,RAVENNA,102,416,28,F,,analitica,"Mapped to a new deduplicated SISTER request; standard cadastral visura class, isp_* paid service excluded."
453,vi_sto_RA_FG102_PT416_SUB28_T390091_2026.pdf,visura_fabbricati,storica,12/02/2026,no_xml_or_p7m_in_database,,queued,visura-storica,Ravenna,RAVENNA,102,416,28,F,,analitica,"Mapped to a new deduplicated SISTER request; standard cadastral visura class, isp_* paid service excluded."
454,vi_sto_RA_FG102_PT416_SUB43.pdf,visura_fabbricati,storica,12/02/2026,no_xml_or_p7m_in_database,,queued,visura-storica,Ravenna,RAVENNA,102,416,43,F,,analitica,"Mapped to a new deduplicated SISTER request; standard cadastral visura class, isp_* paid service excluded."
455,vi_sto_RA_FG102_PT416_SUB57.pdf,visura_fabbricati,storica,12/02/2026,no_xml_or_p7m_in_database,,queued,visura-storica,Ravenna,RAVENNA,102,416,57,F,,analitica,"Mapped to a new deduplicated SISTER request; standard cadastral visura class, isp_* paid service excluded."
456,vi_sto_RA_FG102_PT416_SUB69.pdf,visura_fabbricati,storica,12/02/2026,no_xml_or_p7m_in_database,,queued,visura-storica,Ravenna,RAVENNA,102,416,69,F,,analitica,"Mapped to a new deduplicated SISTER request; standard cadastral visura class, isp_* paid service excluded."
457,vi_sto_RA_FG102_PT416_SUB75.pdf,visura_fabbricati,storica,12/02/2026,no_xml_or_p7m_in_database,,queued,visura-storica,Ravenna,RAVENNA,102,416,75,F,,analitica,"Mapped to a new deduplicated SISTER request; standard cadastral visura class, isp_* paid service excluded."
458,vi_sto_RA_FG102_PT416_SUB76.pdf,visura_fabbricati,storica,12/02/2026,no_xml_or_p7m_in_database,,queued,visura-storica,Ravenna,RAVENNA,102,416,76,F,,analitica,"Mapped to a new deduplicated SISTER request; standard cadastral visura class, isp_* paid service excluded."
459,vi_sto_RA_FG102_PT416_SUB81.pdf,visura_fabbricati,storica,12/02/2026,no_xml_or_p7m_in_database,,queued,visura-storica,Ravenna,RAVENNA,102,416,81,F,,analitica,"Mapped to a new deduplicated SISTER request; standard cadastral visura class, isp_* paid service excluded."
460,vi_sto_RA_FG102_PT416_SUB82.pdf,visura_fabbricati,storica,12/02/2026,no_xml_or_p7m_in_database,,queued,visura-storica,Ravenna,RAVENNA,102,416,82,F,,analitica,"Mapped to a new deduplicated SISTER request; standard cadastral visura class, isp_* paid service excluded."
461,vi_sto_RA_FG102_PT416_SUB83.pdf,visura_fabbricati,storica,12/02/2026,no_xml_or_p7m_in_database,,queued,visura-storica,Ravenna,RAVENNA,102,416,83,F,,analitica,"Mapped to a new deduplicated SISTER request; standard cadastral visura class, isp_* paid service excluded."
462,vi_sto_RA_FG102_PT416_SUB84.pdf,visura_fabbricati,storica,12/02/2026,no_xml_or_p7m_in_database,,queued,visura-storica,Ravenna,RAVENNA,102,416,84,F,,analitica,"Mapped to a new deduplicated SISTER request; standard cadastral visura class, isp_* paid service excluded."
463,vi_sto_RA_FG102_PT416_SUB85.pdf,visura_fabbricati,storica,12/02/2026,no_xml_or_p7m_in_database,,queued,visura-storica,Ravenna,RAVENNA,102,416,85,F,,analitica,"Mapped to a new deduplicated SISTER request; standard cadastral visura class, isp_* paid service excluded."
48,vi_sto_RA_FG103_PT1714_SUB10_T197343_2025.pdf,visura_fabbricati,storica,30/12/2025,no_xml_or_p7m_in_database,,queued,visura-storica,Ravenna,RAVENNA,103,1714,10,F,,analitica,"Mapped to a new deduplicated SISTER request; standard cadastral visura class, isp_* paid service excluded."
71,vi_sto_RA_FG103_PT1714_SUB10_T205415_2025.pdf,visura_fabbricati,storica,30/12/2025,no_xml_or_p7m_in_database,,queued,visura-storica,Ravenna,RAVENNA,103,1714,10,F,,analitica,"Mapped to a new deduplicated SISTER request; standard cadastral visura class, isp_* paid service excluded."
466,vi_sto_RA_FG103_PT1714_SUB10_T258606_2026.pdf,visura_fabbricati,storica,05/02/2026,no_xml_or_p7m_in_database,,queued,visura-storica,Ravenna,RAVENNA,103,1714,10,F,,analitica,"Mapped to a new deduplicated SISTER request; standard cadastral visura class, isp_* paid service excluded."
467,vi_sto_RA_FG103_PT1714_SUB11_T259385_2026.pdf,visura_fabbricati,storica,05/02/2026,no_xml_or_p7m_in_database,,queued,visura-storica,Ravenna,RAVENNA,103,1714,11,F,,analitica,"Mapped to a new deduplicated SISTER request; standard cadastral visura class, isp_* paid service excluded."
468,vi_sto_RA_FG103_PT1714_SUB12_T263536_2026.pdf,visura_fabbricati,storica,05/02/2026,no_xml_or_p7m_in_database,,queued,visura-storica,Ravenna,RAVENNA,103,1714,12,F,,analitica,"Mapped to a new deduplicated SISTER request; standard cadastral visura class, isp_* paid service excluded."
469,vi_sto_RA_FG103_PT1714_SUB13_T263664_2026.pdf,visura_fabbricati,storica,05/02/2026,no_xml_or_p7m_in_database,,queued,visura-storica,Ravenna,RAVENNA,103,1714,13,F,,analitica,"Mapped to a new deduplicated SISTER request; standard cadastral visura class, isp_* paid service excluded."
470,vi_sto_RA_FG103_PT1714_SUB14_T263770_2026.pdf,visura_fabbricati,storica,05/02/2026,no_xml_or_p7m_in_database,,queued,visura-storica,Ravenna,RAVENNA,103,1714,14,F,,analitica,"Mapped to a new deduplicated SISTER request; standard cadastral visura class, isp_* paid service excluded."
471,vi_sto_RA_FG103_PT1714_SUB15_T263981_2026.pdf,visura_fabbricati,storica,05/02/2026,no_xml_or_p7m_in_database,,queued,visura-storica,Ravenna,RAVENNA,103,1714,15,F,,analitica,"Mapped to a new deduplicated SISTER request; standard cadastral visura class, isp_* paid service excluded."
474,vi_sto_RA_FG103_PT1714_SUB16_T198704_2025.pdf,visura_fabbricati,storica,30/12/2025,no_xml_or_p7m_in_database,,queued,visura-storica,Ravenna,RAVENNA,103,1714,16,F,,analitica,"Mapped to a new deduplicated SISTER request; standard cadastral visura class, isp_* paid service excluded."
475,vi_sto_RA_FG103_PT1714_SUB16_T264082_2026.pdf,visura_fabbricati,storica,05/02/2026,no_xml_or_p7m_in_database,,queued,visura-storica,Ravenna,RAVENNA,103,1714,16,F,,analitica,"Mapped to a new deduplicated SISTER request; standard cadastral visura class, isp_* paid service excluded."
478,vi_sto_RA_FG103_PT1714_SUB17_T264279_2026.pdf,visura_fabbricati,storica,05/02/2026,no_xml_or_p7m_in_database,,queued,visura-storica,Ravenna,RAVENNA,103,1714,17,F,,analitica,"Mapped to a new deduplicated SISTER request; standard cadastral visura class, isp_* paid service excluded."
481,vi_sto_RA_FG103_PT1714_SUB18_T264440_2026.pdf,visura_fabbricati,storica,05/02/2026,no_xml_or_p7m_in_database,,queued,visura-storica,Ravenna,RAVENNA,103,1714,18,F,,analitica,"Mapped to a new deduplicated SISTER request; standard cadastral visura class, isp_* paid service excluded."
484,vi_sto_RA_FG103_PT1714_SUB19_T264648_2026.pdf,visura_fabbricati,storica,05/02/2026,no_xml_or_p7m_in_database,,queued,visura-storica,Ravenna,RAVENNA,103,1714,19,F,,analitica,"Mapped to a new deduplicated SISTER request; standard cadastral visura class, isp_* paid service excluded."
464,vi_sto_RA_FG103_PT1714_SUB1.pdf,visura_fabbricati,storica,05/02/2026,no_xml_or_p7m_in_database,,queued,visura-storica,Ravenna,RAVENNA,103,1714,1,F,,analitica,"Mapped to a new deduplicated SISTER request; standard cadastral visura class, isp_* paid service excluded."
487,vi_sto_RA_FG103_PT1714_SUB2_T257425_2026.pdf,visura_fabbricati,storica,05/02/2026,no_xml_or_p7m_in_database,,queued,visura-storica,Ravenna,RAVENNA,103,1714,2,F,,analitica,"Mapped to a new deduplicated SISTER request; standard cadastral visura class, isp_* paid service excluded."
488,vi_sto_RA_FG103_PT1714_SUB5_T257711_2026.pdf,visura_fabbricati,storica,05/02/2026,no_xml_or_p7m_in_database,,queued,visura-storica,Ravenna,RAVENNA,103,1714,5,F,,analitica,"Mapped to a new deduplicated SISTER request; standard cadastral visura class, isp_* paid service excluded."
45,vi_sto_RA_FG103_PT1714_SUB6_T196731_2025.pdf,visura_fabbricati,storica,30/12/2025,no_xml_or_p7m_in_database,,queued,visura-storica,Ravenna,RAVENNA,103,1714,6,F,,analitica,"Mapped to a new deduplicated SISTER request; standard cadastral visura class, isp_* paid service excluded."
72,vi_sto_RA_FG103_PT1714_SUB6_T205472_2025.pdf,visura_fabbricati,storica,30/12/2025,no_xml_or_p7m_in_database,,queued,visura-storica,Ravenna,RAVENNA,103,1714,6,F,,analitica,"Mapped to a new deduplicated SISTER request; standard cadastral visura class, isp_* paid service excluded."
73,vi_sto_RA_FG103_PT1714_SUB6_T205529_2025.pdf,visura_fabbricati,storica,30/12/2025,no_xml_or_p7m_in_database,,queued,visura-storica,Ravenna,RAVENNA,103,1714,6,F,,analitica,"Mapped to a new deduplicated SISTER request; standard cadastral visura class, isp_* paid service excluded."
490,vi_sto_RA_FG103_PT1714_SUB6_T257819_2026.pdf,visura_fabbricati,storica,05/02/2026,no_xml_or_p7m_in_database,,queued,visura-storica,Ravenna,RAVENNA,103,1714,6,F,,analitica,"Mapped to a new deduplicated SISTER request; standard cadastral visura class, isp_* paid service excluded."
491,vi_sto_RA_FG103_PT1714_SUB7_T196923_2025.pdf,visura_fabbricati,storica,30/12/2025,no_xml_or_p7m_in_database,,queued,visura-storica,Ravenna,RAVENNA,103,1714,7,F,,analitica,"Mapped to a new deduplicated SISTER request; standard cadastral visura class, isp_* paid service excluded."
492,vi_sto_RA_FG103_PT1714_SUB7_T258043_2026.pdf,visura_fabbricati,storica,05/02/2026,no_xml_or_p7m_in_database,,queued,visura-storica,Ravenna,RAVENNA,103,1714,7,F,,analitica,"Mapped to a new deduplicated SISTER request; standard cadastral visura class, isp_* paid service excluded."
41,vi_sto_RA_FG103_PT1714_SUB8_T196002_2025.pdf,visura_fabbricati,storica,30/12/2025,no_xml_or_p7m_in_database,,queued,visura-storica,Ravenna,RAVENNA,103,1714,8,F,,analitica,"Mapped to a new deduplicated SISTER request; standard cadastral visura class, isp_* paid service excluded."
42,vi_sto_RA_FG103_PT1714_SUB8_T196105_2025.pdf,visura_fabbricati,storica,30/12/2025,no_xml_or_p7m_in_database,,queued,visura-storica,Ravenna,RAVENNA,103,1714,8,F,,analitica,"Mapped to a new deduplicated SISTER request; standard cadastral visura class, isp_* paid service excluded."
496,vi_sto_RA_FG103_PT1714_SUB8_T258273_2026.pdf,visura_fabbricati,storica,05/02/2026,no_xml_or_p7m_in_database,,queued,visura-storica,Ravenna,RAVENNA,103,1714,8,F,,analitica,"Mapped to a new deduplicated SISTER request; standard cadastral visura class, isp_* paid service excluded."
47,vi_sto_RA_FG103_PT1714_SUB9.pdf,visura_fabbricati,storica,30/12/2025,no_xml_or_p7m_in_database,,queued,visura-storica,Ravenna,RAVENNA,103,1714,9,F,,analitica,"Mapped to a new deduplicated SISTER request; standard cadastral visura class, isp_* paid service excluded."
497,vi_sto_RA_FG103_PT1714_SUB9_T258433_2026.pdf,visura_fabbricati,storica,05/02/2026,no_xml_or_p7m_in_database,,queued,visura-storica,Ravenna,RAVENNA,103,1714,9,F,,analitica,"Mapped to a new deduplicated SISTER request; standard cadastral visura class, isp_* paid service excluded."
498,vi_sto_RA_FG104_PT1737_SUB168.pdf,visura_fabbricati,storica,12/02/2026,no_xml_or_p7m_in_database,,queued,visura-storica,Ravenna,RAVENNA,104,1737,168,F,,analitica,"Mapped to a new deduplicated SISTER request; standard cadastral visura class, isp_* paid service excluded."
499,vi_sto_RA_FG104_PT1737_SUB168_T380397_2026.pdf,visura_fabbricati,storica,12/02/2026,no_xml_or_p7m_in_database,,queued,visura-storica,Ravenna,RAVENNA,104,1737,168,F,,analitica,"Mapped to a new deduplicated SISTER request; standard cadastral visura class, isp_* paid service excluded."
500,vi_sto_ter_RA_FG103_PT1714.pdf,visura_fabbricati,storica,05/02/2026,no_xml_or_p7m_in_database,,queued,visura-storica,Ravenna,RAVENNA,103,1714,,T,,analitica,"Mapped to a new deduplicated SISTER request; standard cadastral visura class, isp_* paid service excluded."
20,vi_sto_ter_RA_SAVIO_FG002_PT246.pdf,visura_fabbricati,storica,04/06/2026,no_xml_or_p7m_in_database,,queued,visura-storica,Ravenna,RAVENNA,2,246,,T,,analitica,"Mapped to a new deduplicated SISTER request; standard cadastral visura class, isp_* paid service excluded."
74,vs_att_03531340960.pdf,visura_soggetto,,,no_xml_or_p7m_in_database,,excluded,,,,,,,,,,Company/VAT subject document; current soggetto-documento command supports persona fisica CF only.
501,vs_att_BRNGNN65H02H199Z_CE.pdf,visura_soggetto,,,no_xml_or_p7m_in_database,,queued,soggetto-documento,NAZIONALE,,,,,E,BRNGNN65H02H199Z,analitica,"Mapped to a new deduplicated SISTER request; standard cadastral visura class, isp_* paid service excluded."
502,vs_att_CFFMMN76M70F839H_CE.pdf,visura_soggetto,,,no_xml_or_p7m_in_database,,queued,soggetto-documento,NAZIONALE,,,,,E,CFFMMN76M70F839H,analitica,"Mapped to a new deduplicated SISTER request; standard cadastral visura class, isp_* paid service excluded."
58,vs_att_CFFMMN76M70F839H.pdf,visura_soggetto,,,no_xml_or_p7m_in_database,,queued,soggetto-documento,NAZIONALE,,,,,E,CFFMMN76M70F839H,analitica,"Mapped to a new deduplicated SISTER request; standard cadastral visura class, isp_* paid service excluded."
14,vs_att_CMNCHR82T46H199I.pdf,visura_soggetto,,,available_under_scope_qualified_name,vs_att_CMNCHR82T46H199I_CE.p7m; vs_att_CMNCHR82T46H199I_CE.xml,not_missing,,,,,,,,,,XML/P7M exists under the same subject/view/practice with a CE scope suffix.
505,vs_att_CNGLNI56B54Z110C_CE.pdf,visura_soggetto,,,no_xml_or_p7m_in_database,,queued,soggetto-documento,NAZIONALE,,,,,E,CNGLNI56B54Z110C,analitica,"Mapped to a new deduplicated SISTER request; standard cadastral visura class, isp_* paid service excluded."
506,vs_att_CNGLNI56B54Z110C_CE_T377406_2026.pdf,visura_soggetto,,,no_xml_or_p7m_in_database,,queued,soggetto-documento,NAZIONALE,,,,,E,CNGLNI56B54Z110C,analitica,"Mapped to a new deduplicated SISTER request; standard cadastral visura class, isp_* paid service excluded."
69,vs_att_CNGLNI56B54Z110C.pdf,visura_soggetto,,,no_xml_or_p7m_in_database,,queued,soggetto-documento,NAZIONALE,,,,,E,CNGLNI56B54Z110C,analitica,"Mapped to a new deduplicated SISTER request; standard cadastral visura class, isp_* paid service excluded."
518,vs_att_CNGRNT83D09H501D_CE_T378925_2026.pdf,visura_soggetto,,,no_xml_or_p7m_in_database,,already_requested_analitica,soggetto-documento,NAZIONALE,,,,,E,CNGRNT83D09H501D,analitica,Matching analytical subject request already completed in the previous batch; retrieve from Richieste.
67,vs_att_CNGRNT83D09H501D.pdf,visura_soggetto,,,available_under_scope_qualified_name,vs_att_CNGRNT83D09H501D_CE.p7m; vs_att_CNGRNT83D09H501D_CE.xml,not_missing,,,,,,,,,,XML/P7M exists under the same subject/view/practice with a CE scope suffix.
522,vs_att_CNNMNL74L04G273K_CE_T1832_2026.pdf,visura_soggetto,,,no_xml_or_p7m_in_database,,already_requested_analitica,soggetto-documento,NAZIONALE,,,,,E,CNNMNL74L04G273K,analitica,Matching analytical subject request already completed in the previous batch; retrieve from Richieste.
523,vs_att_CNNMNL74L04G273K_CE_T1840_2026.pdf,visura_soggetto,,,no_xml_or_p7m_in_database,,already_requested_analitica,soggetto-documento,NAZIONALE,,,,,E,CNNMNL74L04G273K,analitica,Matching analytical subject request already completed in the previous batch; retrieve from Richieste.
524,vs_att_CNNMNL74L04G273K_CE_T193610_2025.pdf,visura_soggetto,,,no_xml_or_p7m_in_database,,already_requested_analitica,soggetto-documento,NAZIONALE,,,,,E,CNNMNL74L04G273K,analitica,Matching analytical subject request already completed in the previous batch; retrieve from Richieste.
525,vs_att_CNNMNL74L04G273K_CE_T195623_2025.pdf,visura_soggetto,,,no_xml_or_p7m_in_database,,already_requested_analitica,soggetto-documento,NAZIONALE,,,,,E,CNNMNL74L04G273K,analitica,Matching analytical subject request already completed in the previous batch; retrieve from Richieste.
526,vs_att_CNNMNL74L04G273K_CE_T218403_2026.pdf,visura_soggetto,,,no_xml_or_p7m_in_database,,already_requested_analitica,soggetto-documento,NAZIONALE,,,,,E,CNNMNL74L04G273K,analitica,Matching analytical subject request already completed in the previous batch; retrieve from Richieste.
527,vs_att_CNNMNL74L04G273K_CE_T243985_2026.pdf,visura_soggetto,,,no_xml_or_p7m_in_database,,already_requested_analitica,soggetto-documento,NAZIONALE,,,,,E,CNNMNL74L04G273K,analitica,Matching analytical subject request already completed in the previous batch; retrieve from Richieste.
138,vs_att_CNNMNL74L04G273K_T149343_2026.pdf,visura_soggetto,,,no_xml_or_p7m_in_database,,already_requested_analitica,soggetto-documento,NAZIONALE,,,,,E,CNNMNL74L04G273K,analitica,Matching analytical subject request already completed in the previous batch; retrieve from Richieste.
38,vs_att_CNNMNL74L04G273K_T193448_2025.pdf,visura_soggetto,,,no_xml_or_p7m_in_database,,already_requested_analitica,soggetto-documento,NAZIONALE,,,,,E,CNNMNL74L04G273K,analitica,Matching analytical subject request already completed in the previous batch; retrieve from Richieste.
39,vs_att_CNNMNL74L04G273K_T193610_2025.pdf,visura_soggetto,,,no_xml_or_p7m_in_database,,already_requested_analitica,soggetto-documento,NAZIONALE,,,,,E,CNNMNL74L04G273K,analitica,Matching analytical subject request already completed in the previous batch; retrieve from Richieste.
40,vs_att_CNNMNL74L04G273K_T195623_2025.pdf,visura_soggetto,,,no_xml_or_p7m_in_database,,already_requested_analitica,soggetto-documento,NAZIONALE,,,,,E,CNNMNL74L04G273K,analitica,Matching analytical subject request already completed in the previous batch; retrieve from Richieste.
136,vs_att_CNNMNL74L04G273K_T58998_2026.pdf,visura_soggetto,,,no_xml_or_p7m_in_database,,already_requested_analitica,soggetto-documento,NAZIONALE,,,,,E,CNNMNL74L04G273K,analitica,Matching analytical subject request already completed in the previous batch; retrieve from Richieste.
137,vs_att_CNNMNL74L04G273K_T59020_2026.pdf,visura_soggetto,,,no_xml_or_p7m_in_database,,already_requested_analitica,soggetto-documento,NAZIONALE,,,,,E,CNNMNL74L04G273K,analitica,Matching analytical subject request already completed in the previous batch; retrieve from Richieste.
59,vs_att_DMSNRC76B24B990Q.pdf,visura_soggetto,,,available_under_scope_qualified_name,vs_att_DMSNRC76B24B990Q_CE.p7m; vs_att_DMSNRC76B24B990Q_CE.xml,not_missing,,,,,,,,,,XML/P7M exists under the same subject/view/practice with a CE scope suffix.
533,vs_att_DNTFRC57B09F839I_CE.pdf,visura_soggetto,,,no_xml_or_p7m_in_database,,queued,soggetto-documento,NAZIONALE,,,,,E,DNTFRC57B09F839I,analitica,"Mapped to a new deduplicated SISTER request; standard cadastral visura class, isp_* paid service excluded."
33,vs_att_FNTMRA59E10C553Q.pdf,visura_soggetto,,,available_under_scope_qualified_name,vs_att_FNTMRA59E10C553Q_CE.p7m; vs_att_FNTMRA59E10C553Q_CE.xml,not_missing,,,,,,,,,,XML/P7M exists under the same subject/view/practice with a CE scope suffix.
28,vs_att_FRSMVT95P53H199F_T479404_2026.pdf,visura_soggetto,,,no_xml_or_p7m_in_database,,already_requested_analitica,soggetto-documento,NAZIONALE,,,,,E,FRSMVT95P53H199F,analitica,Matching analytical subject request already completed in the previous batch; retrieve from Richieste.
30,vs_att_FRSMVT95P53H199F_T481910_2026.pdf,visura_soggetto,,,no_xml_or_p7m_in_database,,already_requested_analitica,soggetto-documento,NAZIONALE,,,,,E,FRSMVT95P53H199F,analitica,Matching analytical subject request already completed in the previous batch; retrieve from Richieste.
541,vs_att_GGLRSL43E49G273G_T366567_2026.pdf,visura_soggetto,,,no_xml_or_p7m_in_database,,queued,soggetto-documento,NAZIONALE,,,,,E,GGLRSL43E49G273G,analitica,"Mapped to a new deduplicated SISTER request; standard cadastral visura class, isp_* paid service excluded."
542,vs_att_GHRMRZ61D01H199F_CE.pdf,visura_soggetto,,,no_xml_or_p7m_in_database,,queued,soggetto-documento,NAZIONALE,,,,,E,GHRMRZ61D01H199F,analitica,"Mapped to a new deduplicated SISTER request; standard cadastral visura class, isp_* paid service excluded."
543,vs_att_GMMFNC73T04D488Y_CE.pdf,visura_soggetto,,,no_xml_or_p7m_in_database,,queued,soggetto-documento,NAZIONALE,,,,,E,GMMFNC73T04D488Y,analitica,"Mapped to a new deduplicated SISTER request; standard cadastral visura class, isp_* paid service excluded."
60,vs_att_GMMFNC73T04D488Y.pdf,visura_soggetto,,,no_xml_or_p7m_in_database,,queued,soggetto-documento,NAZIONALE,,,,,E,GMMFNC73T04D488Y,analitica,"Mapped to a new deduplicated SISTER request; standard cadastral visura class, isp_* paid service excluded."
61,vs_att_GRNFNC74C56C573Y.pdf,visura_soggetto,,,available_under_scope_qualified_name,vs_att_GRNFNC74C56C573Y_CE.p7m; vs_att_GRNFNC74C56C573Y_CE.xml,not_missing,,,,,,,,,,XML/P7M exists under the same subject/view/practice with a CE scope suffix.
62,vs_att_MDAGLN53C09Z603E.pdf,visura_soggetto,,,available_under_scope_qualified_name,vs_att_MDAGLN53C09Z603E_CE.p7m; vs_att_MDAGLN53C09Z603E_CE.xml,not_missing,,,,,,,,,,XML/P7M exists under the same subject/view/practice with a CE scope suffix.
63,vs_att_MDATMS94D18H199K.pdf,visura_soggetto,,,available_under_scope_qualified_name,vs_att_MDATMS94D18H199K_CE.p7m; vs_att_MDATMS94D18H199K_CE.xml,not_missing,,,,,,,,,,XML/P7M exists under the same subject/view/practice with a CE scope suffix.
553,vs_att_MNDTMR63S64G186K_CE.pdf,visura_soggetto,,,no_xml_or_p7m_in_database,,queued,soggetto-documento,NAZIONALE,,,,,E,MNDTMR63S64G186K,analitica,"Mapped to a new deduplicated SISTER request; standard cadastral visura class, isp_* paid service excluded."
64,vs_att_MNDTMR63S64G186K.pdf,visura_soggetto,,,no_xml_or_p7m_in_database,,queued,soggetto-documento,NAZIONALE,,,,,E,MNDTMR63S64G186K,analitica,"Mapped to a new deduplicated SISTER request; standard cadastral visura class, isp_* paid service excluded."
32,vs_att_MZZDNL63R50C553D.pdf,visura_soggetto,,,available_under_scope_qualified_name,vs_att_MZZDNL63R50C553D_CE.p7m; vs_att_MZZDNL63R50C553D_CE.xml,not_missing,,,,,,,,,,XML/P7M exists under the same subject/view/practice with a CE scope suffix.
31,vs_att_MZZSNT59B53C553C.pdf,visura_soggetto,,,available_under_scope_qualified_name,vs_att_MZZSNT59B53C553C_CE.p7m; vs_att_MZZSNT59B53C553C_CE.xml,not_missing,,,,,,,,,,XML/P7M exists under the same subject/view/practice with a CE scope suffix.
558,vs_att_NFRGPP81T47D960N_CE.pdf,visura_soggetto,,,no_xml_or_p7m_in_database,,queued,soggetto-documento,NAZIONALE,,,,,E,NFRGPP81T47D960N,analitica,"Mapped to a new deduplicated SISTER request; standard cadastral visura class, isp_* paid service excluded."
562,vs_att_PGGPLA52C15H199K_CE_T377550_2026.pdf,visura_soggetto,,,no_xml_or_p7m_in_database,,queued,soggetto-documento,NAZIONALE,,,,,E,PGGPLA52C15H199K,analitica,"Mapped to a new deduplicated SISTER request; standard cadastral visura class, isp_* paid service excluded."
70,vs_att_PGGPLA52C15H199K.pdf,visura_soggetto,,,available_under_scope_qualified_name,vs_att_PGGPLA52C15H199K_CE.p7m; vs_att_PGGPLA52C15H199K_CE.xml,not_missing,,,,,,,,,,XML/P7M exists under the same subject/view/practice with a CE scope suffix.
563,vs_att_PTZGLN60A52B354M_CE.pdf,visura_soggetto,,,no_xml_or_p7m_in_database,,queued,soggetto-documento,NAZIONALE,,,,,E,PTZGLN60A52B354M,analitica,"Mapped to a new deduplicated SISTER request; standard cadastral visura class, isp_* paid service excluded."
564,vs_att_RCLCLD73A51H199I_CE.pdf,visura_soggetto,,,no_xml_or_p7m_in_database,,queued,soggetto-documento,NAZIONALE,,,,,E,RCLCLD73A51H199I,analitica,"Mapped to a new deduplicated SISTER request; standard cadastral visura class, isp_* paid service excluded."
568,vs_att_RCLSRN69R64H199H_CE_T1421_2026.pdf,visura_soggetto,,,no_xml_or_p7m_in_database,,already_requested_analitica,soggetto-documento,NAZIONALE,,,,,E,RCLSRN69R64H199H,analitica,Matching analytical subject request already completed in the previous batch; retrieve from Richieste.
29,vs_att_RCLSRN69R64H199H.pdf,visura_soggetto,,,available_under_scope_qualified_name,vs_att_RCLSRN69R64H199H_CE.p7m; vs_att_RCLSRN69R64H199H_CE.xml,not_missing,,,,,,,,,,XML/P7M exists under the same subject/view/practice with a CE scope suffix.
65,vs_att_RSSMPN69R71F433Z.pdf,visura_soggetto,,,available_under_scope_qualified_name,vs_att_RSSMPN69R71F433Z_CE.p7m; vs_att_RSSMPN69R71F433Z_CE.xml,not_missing,,,,,,,,,,XML/P7M exists under the same subject/view/practice with a CE scope suffix.
580,vs_att_SRBNCN68S07I305K_CE.pdf,visura_soggetto,,,no_xml_or_p7m_in_database,,queued,soggetto-documento,NAZIONALE,,,,,E,SRBNCN68S07I305K,analitica,"Mapped to a new deduplicated SISTER request; standard cadastral visura class, isp_* paid service excluded."
584,vs_att_VRGVTR77R23E472E_CE_T379078_2026.pdf,visura_soggetto,,,no_xml_or_p7m_in_database,,already_requested_analitica,soggetto-documento,NAZIONALE,,,,,E,VRGVTR77R23E472E,analitica,Matching analytical subject request already completed in the previous batch; retrieve from Richieste.
68,vs_att_VRGVTR77R23E472E.pdf,visura_soggetto,,,available_under_scope_qualified_name,vs_att_VRGVTR77R23E472E_CE.p7m; vs_att_VRGVTR77R23E472E_CE.xml,not_missing,,,,,,,,,,XML/P7M exists under the same subject/view/practice with a CE scope suffix.
585,vs_att_ZMBMNL62L65H294S_CE.pdf,visura_soggetto,,,no_xml_or_p7m_in_database,,queued,soggetto-documento,NAZIONALE,,,,,E,ZMBMNL62L65H294S,analitica,"Mapped to a new deduplicated SISTER request; standard cadastral visura class, isp_* paid service excluded."
66,vs_att_ZMBMNL62L65H294S.pdf,visura_soggetto,,,no_xml_or_p7m_in_database,,queued,soggetto-documento,NAZIONALE,,,,,E,ZMBMNL62L65H294S,analitica,"Mapped to a new deduplicated SISTER request; standard cadastral visura class, isp_* paid service excluded."
161,vs_naz_05311840283.pdf,visura_soggetto,,,no_xml_or_p7m_in_database,,excluded,,,,,,,,,,Company/VAT subject document; current soggetto-documento command supports persona fisica CF only.
125,vs_sin_CNNMNL74L04G273K_STO_CE.pdf,visura_soggetto,,,no_xml_or_p7m_in_database,,already_requested_analitica,soggetto-documento,NAZIONALE,,,,,E,CNNMNL74L04G273K,analitica,Matching analytical subject request already completed in the previous batch; retrieve from Richieste.
238,vs_sin_FRSLSE77B54E730C_CE.pdf,visura_soggetto,,,no_xml_or_p7m_in_database,,queued,soggetto-documento,NAZIONALE,,,,,E,FRSLSE77B54E730C,analitica,"Mapped to a new deduplicated SISTER request; standard cadastral visura class, isp_* paid service excluded."
26,vs_sin_FRSLSE77B54E730C_CE_T477370_2026.pdf,visura_soggetto,,,no_xml_or_p7m_in_database,,queued,soggetto-documento,NAZIONALE,,,,,E,FRSLSE77B54E730C,analitica,"Mapped to a new deduplicated SISTER request; standard cadastral visura class, isp_* paid service excluded."
27,vs_sin_FRSLSE77B54E730C_CE_T478259_2026.pdf,visura_soggetto,,,no_xml_or_p7m_in_database,,queued,soggetto-documento,NAZIONALE,,,,,E,FRSLSE77B54E730C,analitica,"Mapped to a new deduplicated SISTER request; standard cadastral visura class, isp_* paid service excluded."
239,vs_sto_12485671007.pdf,visura_soggetto,,,no_xml_or_p7m_in_database,,excluded,,,,,,,,,,Company/VAT subject document; current soggetto-documento command supports persona fisica CF only.
12,vs_sto_12485671007_T353797_2024.pdf,visura_soggetto,,,no_xml_or_p7m_in_database,,excluded,,,,,,,,,,Company/VAT subject document; current soggetto-documento command supports persona fisica CF only.
128,vs_sto_CNNMNL74L04G273K.pdf,visura_soggetto,,,no_xml_or_p7m_in_database,,already_requested_analitica,soggetto-documento,NAZIONALE,,,,,E,CNNMNL74L04G273K,analitica,Matching analytical subject request already completed in the previous batch; retrieve from Richieste.
586,vs_sto_SMLRRN65L66G273G_T296244_2026.pdf,visura_soggetto,,,no_xml_or_p7m_in_database,,queued,soggetto-documento,NAZIONALE,,,,,E,SMLRRN65L66G273G,analitica,"Mapped to a new deduplicated SISTER request; standard cadastral visura class, isp_* paid service excluded."
587,vs_sto_SMLRRN65L66G273G_T296974_2026.pdf,visura_soggetto,,,no_xml_or_p7m_in_database,,queued,soggetto-documento,NAZIONALE,,,,,E,SMLRRN65L66G273G,analitica,"Mapped to a new deduplicated SISTER request; standard cadastral visura class, isp_* paid service excluded."
588,vs_sto_SMLRRN65L66G273G_T298867_2026.pdf,visura_soggetto,,,no_xml_or_p7m_in_database,,queued,soggetto-documento,NAZIONALE,,,,,E,SMLRRN65L66G273G,analitica,"Mapped to a new deduplicated SISTER request; standard cadastral visura class, isp_* paid service excluded."
589,vs_sto_SMLRRN65L66G273G_T299433_2026.pdf,visura_soggetto,,,no_xml_or_p7m_in_database,,queued,soggetto-documento,NAZIONALE,,,,,E,SMLRRN65L66G273G,analitica,"Mapped to a new deduplicated SISTER request; standard cadastral visura class, isp_* paid service excluded."
590,vs_sto_SMLRRN65L66G273G_T308483_2026.pdf,visura_soggetto,,,no_xml_or_p7m_in_database,,queued,soggetto-documento,NAZIONALE,,,,,E,SMLRRN65L66G273G,analitica,"Mapped to a new deduplicated SISTER request; standard cadastral visura class, isp_* paid service excluded."
591,vs_sto_SMLRRN65L66G273G_T308920_2026.pdf,visura_soggetto,,,no_xml_or_p7m_in_database,,queued,soggetto-documento,NAZIONALE,,,,,E,SMLRRN65L66G273G,analitica,"Mapped to a new deduplicated SISTER request; standard cadastral visura class, isp_* paid service excluded."
