command,provincia,comune,foglio,particella,subalterno,tipo_catasto,codice_fiscale,vista,source_files,scope_note
search,Palermo,PALERMO,11,1752,1,F,,analitica,vi_att_PA_FG11_PT1752_T403854_2026.pdf,Fresh current property visura; vista=analitica recorded for completeness.
search,Palermo,PALERMO,11,1857,1,F,,analitica,vi_att_PA_FG11_PT1857_SUB1_T374051_2026.pdf,Fresh current property visura; vista=analitica recorded for completeness.
search,Ravenna,RAVENNA,104,2154,,T,,analitica,vi_att_ter_RA_RAVENNA_FG104_PT2154.pdf,Fresh current property visura; vista=analitica recorded for completeness.
soggetto-documento,NAZIONALE,,,,,E,BRNGNN65H02H199Z,analitica,vs_att_BRNGNN65H02H199Z_CE.pdf,Analytical subject document request; source PDFs may be synthetic or historical snapshots.
soggetto-documento,NAZIONALE,,,,,E,CFFMMN76M70F839H,analitica,vs_att_CFFMMN76M70F839H.pdf; vs_att_CFFMMN76M70F839H_CE.pdf,Analytical subject document request; source PDFs may be synthetic or historical snapshots.
soggetto-documento,NAZIONALE,,,,,E,CNGLNI56B54Z110C,analitica,vs_att_CNGLNI56B54Z110C.pdf; vs_att_CNGLNI56B54Z110C_CE.pdf; vs_att_CNGLNI56B54Z110C_CE_T377406_2026.pdf,Analytical subject document request; source PDFs may be synthetic or historical snapshots.
soggetto-documento,NAZIONALE,,,,,E,DNTFRC57B09F839I,analitica,vs_att_DNTFRC57B09F839I_CE.pdf,Analytical subject document request; source PDFs may be synthetic or historical snapshots.
soggetto-documento,NAZIONALE,,,,,E,FRSLSE77B54E730C,analitica,vs_sin_FRSLSE77B54E730C_CE.pdf; vs_sin_FRSLSE77B54E730C_CE_T477370_2026.pdf; vs_sin_FRSLSE77B54E730C_CE_T478259_2026.pdf,Analytical subject document request; source PDFs may be synthetic or historical snapshots.
soggetto-documento,NAZIONALE,,,,,E,GGLRSL43E49G273G,analitica,vs_att_GGLRSL43E49G273G_T366567_2026.pdf,Analytical subject document request; source PDFs may be synthetic or historical snapshots.
soggetto-documento,NAZIONALE,,,,,E,GHRMRZ61D01H199F,analitica,vs_att_GHRMRZ61D01H199F_CE.pdf,Analytical subject document request; source PDFs may be synthetic or historical snapshots.
soggetto-documento,NAZIONALE,,,,,E,GMMFNC73T04D488Y,analitica,vs_att_GMMFNC73T04D488Y.pdf; vs_att_GMMFNC73T04D488Y_CE.pdf,Analytical subject document request; source PDFs may be synthetic or historical snapshots.
soggetto-documento,NAZIONALE,,,,,E,MNDTMR63S64G186K,analitica,vs_att_MNDTMR63S64G186K.pdf; vs_att_MNDTMR63S64G186K_CE.pdf,Analytical subject document request; source PDFs may be synthetic or historical snapshots.
soggetto-documento,NAZIONALE,,,,,E,NFRGPP81T47D960N,analitica,vs_att_NFRGPP81T47D960N_CE.pdf,Analytical subject document request; source PDFs may be synthetic or historical snapshots.
soggetto-documento,NAZIONALE,,,,,E,PGGPLA52C15H199K,analitica,vs_att_PGGPLA52C15H199K_CE_T377550_2026.pdf,Analytical subject document request; source PDFs may be synthetic or historical snapshots.
soggetto-documento,NAZIONALE,,,,,E,PTZGLN60A52B354M,analitica,vs_att_PTZGLN60A52B354M_CE.pdf,Analytical subject document request; source PDFs may be synthetic or historical snapshots.
soggetto-documento,NAZIONALE,,,,,E,RCLCLD73A51H199I,analitica,vs_att_RCLCLD73A51H199I_CE.pdf,Analytical subject document request; source PDFs may be synthetic or historical snapshots.
soggetto-documento,NAZIONALE,,,,,E,SMLRRN65L66G273G,analitica,vs_sto_SMLRRN65L66G273G_T296244_2026.pdf; vs_sto_SMLRRN65L66G273G_T296974_2026.pdf; vs_sto_SMLRRN65L66G273G_T298867_2026.pdf; vs_sto_SMLRRN65L66G273G_T299433_2026.pdf; vs_sto_SMLRRN65L66G273G_T308483_2026.pdf; vs_sto_SMLRRN65L66G273G_T308920_2026.pdf,Analytical subject document request; source PDFs may be synthetic or historical snapshots.
soggetto-documento,NAZIONALE,,,,,E,SRBNCN68S07I305K,analitica,vs_att_SRBNCN68S07I305K_CE.pdf,Analytical subject document request; source PDFs may be synthetic or historical snapshots.
soggetto-documento,NAZIONALE,,,,,E,ZMBMNL62L65H294S,analitica,vs_att_ZMBMNL62L65H294S.pdf; vs_att_ZMBMNL62L65H294S_CE.pdf,Analytical subject document request; source PDFs may be synthetic or historical snapshots.
visura-storica,Palermo,PALERMO,30,126,8,F,,analitica,vi_sto_PA_FG30_PT126_SUB8.pdf,Fresh historical analytical property visura; does not recreate the source PDF original date/protocol.
visura-storica,Ravenna,RAVENNA,101,2,58,F,,analitica,vi_sto_RA_FG101_PT2_SUB58.pdf,Fresh historical analytical property visura; does not recreate the source PDF original date/protocol.
visura-storica,Ravenna,RAVENNA,101,230,,F,,analitica,vi_sto_RA_FG101_PT230.pdf,Fresh historical analytical property visura; does not recreate the source PDF original date/protocol.
visura-storica,Ravenna,RAVENNA,102,416,118,F,,analitica,vi_sto_RA_FG102_PT416_SUB118.pdf,Fresh historical analytical property visura; does not recreate the source PDF original date/protocol.
visura-storica,Ravenna,RAVENNA,102,416,148,F,,analitica,vi_sto_RA_FG102_PT416_SUB148.pdf,Fresh historical analytical property visura; does not recreate the source PDF original date/protocol.
visura-storica,Ravenna,RAVENNA,102,416,28,F,,analitica,vi_sto_RA_FG102_PT416_SUB28.pdf; vi_sto_RA_FG102_PT416_SUB28_T390091_2026.pdf,Fresh historical analytical property visura; does not recreate the source PDF original date/protocol.
visura-storica,Ravenna,RAVENNA,102,416,43,F,,analitica,vi_sto_RA_FG102_PT416_SUB43.pdf,Fresh historical analytical property visura; does not recreate the source PDF original date/protocol.
visura-storica,Ravenna,RAVENNA,102,416,57,F,,analitica,vi_sto_RA_FG102_PT416_SUB57.pdf,Fresh historical analytical property visura; does not recreate the source PDF original date/protocol.
visura-storica,Ravenna,RAVENNA,102,416,69,F,,analitica,vi_sto_RA_FG102_PT416_SUB69.pdf,Fresh historical analytical property visura; does not recreate the source PDF original date/protocol.
visura-storica,Ravenna,RAVENNA,102,416,75,F,,analitica,vi_sto_RA_FG102_PT416_SUB75.pdf,Fresh historical analytical property visura; does not recreate the source PDF original date/protocol.
visura-storica,Ravenna,RAVENNA,102,416,76,F,,analitica,vi_sto_RA_FG102_PT416_SUB76.pdf,Fresh historical analytical property visura; does not recreate the source PDF original date/protocol.
visura-storica,Ravenna,RAVENNA,102,416,81,F,,analitica,vi_sto_RA_FG102_PT416_SUB81.pdf,Fresh historical analytical property visura; does not recreate the source PDF original date/protocol.
visura-storica,Ravenna,RAVENNA,102,416,82,F,,analitica,vi_sto_RA_FG102_PT416_SUB82.pdf,Fresh historical analytical property visura; does not recreate the source PDF original date/protocol.
visura-storica,Ravenna,RAVENNA,102,416,83,F,,analitica,vi_sto_RA_FG102_PT416_SUB83.pdf,Fresh historical analytical property visura; does not recreate the source PDF original date/protocol.
visura-storica,Ravenna,RAVENNA,102,416,84,F,,analitica,vi_sto_RA_FG102_PT416_SUB84.pdf,Fresh historical analytical property visura; does not recreate the source PDF original date/protocol.
visura-storica,Ravenna,RAVENNA,102,416,85,F,,analitica,vi_sto_RA_FG102_PT416_SUB85.pdf,Fresh historical analytical property visura; does not recreate the source PDF original date/protocol.
visura-storica,Ravenna,RAVENNA,103,1714,,T,,analitica,vi_sto_ter_RA_FG103_PT1714.pdf,Fresh historical analytical property visura; does not recreate the source PDF original date/protocol.
visura-storica,Ravenna,RAVENNA,103,1714,1,F,,analitica,vi_sto_RA_FG103_PT1714_SUB1.pdf,Fresh historical analytical property visura; does not recreate the source PDF original date/protocol.
visura-storica,Ravenna,RAVENNA,103,1714,10,F,,analitica,vi_sto_RA_FG103_PT1714_SUB10_T197343_2025.pdf; vi_sto_RA_FG103_PT1714_SUB10_T205415_2025.pdf; vi_sto_RA_FG103_PT1714_SUB10_T258606_2026.pdf,Fresh historical analytical property visura; does not recreate the source PDF original date/protocol.
visura-storica,Ravenna,RAVENNA,103,1714,11,F,,analitica,vi_sto_RA_FG103_PT1714_SUB11_T259385_2026.pdf,Fresh historical analytical property visura; does not recreate the source PDF original date/protocol.
visura-storica,Ravenna,RAVENNA,103,1714,12,F,,analitica,vi_sto_RA_FG103_PT1714_SUB12_T263536_2026.pdf,Fresh historical analytical property visura; does not recreate the source PDF original date/protocol.
visura-storica,Ravenna,RAVENNA,103,1714,13,F,,analitica,vi_sto_RA_FG103_PT1714_SUB13_T263664_2026.pdf,Fresh historical analytical property visura; does not recreate the source PDF original date/protocol.
visura-storica,Ravenna,RAVENNA,103,1714,14,F,,analitica,vi_sto_RA_FG103_PT1714_SUB14_T263770_2026.pdf,Fresh historical analytical property visura; does not recreate the source PDF original date/protocol.
visura-storica,Ravenna,RAVENNA,103,1714,15,F,,analitica,vi_sto_RA_FG103_PT1714_SUB15_T263981_2026.pdf,Fresh historical analytical property visura; does not recreate the source PDF original date/protocol.
visura-storica,Ravenna,RAVENNA,103,1714,16,F,,analitica,vi_sto_RA_FG103_PT1714_SUB16_T198704_2025.pdf; vi_sto_RA_FG103_PT1714_SUB16_T264082_2026.pdf,Fresh historical analytical property visura; does not recreate the source PDF original date/protocol.
visura-storica,Ravenna,RAVENNA,103,1714,17,F,,analitica,vi_sto_RA_FG103_PT1714_SUB17_T264279_2026.pdf,Fresh historical analytical property visura; does not recreate the source PDF original date/protocol.
visura-storica,Ravenna,RAVENNA,103,1714,18,F,,analitica,vi_sto_RA_FG103_PT1714_SUB18_T264440_2026.pdf,Fresh historical analytical property visura; does not recreate the source PDF original date/protocol.
visura-storica,Ravenna,RAVENNA,103,1714,19,F,,analitica,vi_sto_RA_FG103_PT1714_SUB19_T264648_2026.pdf,Fresh historical analytical property visura; does not recreate the source PDF original date/protocol.
visura-storica,Ravenna,RAVENNA,103,1714,2,F,,analitica,vi_sto_RA_FG103_PT1714_SUB2_T257425_2026.pdf,Fresh historical analytical property visura; does not recreate the source PDF original date/protocol.
visura-storica,Ravenna,RAVENNA,103,1714,5,F,,analitica,vi_sto_RA_FG103_PT1714_SUB5_T257711_2026.pdf,Fresh historical analytical property visura; does not recreate the source PDF original date/protocol.
visura-storica,Ravenna,RAVENNA,103,1714,6,F,,analitica,vi_sto_RA_FG103_PT1714_SUB6_T196731_2025.pdf; vi_sto_RA_FG103_PT1714_SUB6_T205472_2025.pdf; vi_sto_RA_FG103_PT1714_SUB6_T205529_2025.pdf; vi_sto_RA_FG103_PT1714_SUB6_T257819_2026.pdf,Fresh historical analytical property visura; does not recreate the source PDF original date/protocol.
visura-storica,Ravenna,RAVENNA,103,1714,7,F,,analitica,vi_sto_RA_FG103_PT1714_SUB7_T196923_2025.pdf; vi_sto_RA_FG103_PT1714_SUB7_T258043_2026.pdf,Fresh historical analytical property visura; does not recreate the source PDF original date/protocol.
visura-storica,Ravenna,RAVENNA,103,1714,8,F,,analitica,vi_sto_RA_FG103_PT1714_SUB8_T196002_2025.pdf; vi_sto_RA_FG103_PT1714_SUB8_T196105_2025.pdf; vi_sto_RA_FG103_PT1714_SUB8_T258273_2026.pdf,Fresh historical analytical property visura; does not recreate the source PDF original date/protocol.
visura-storica,Ravenna,RAVENNA,103,1714,9,F,,analitica,vi_sto_RA_FG103_PT1714_SUB9.pdf; vi_sto_RA_FG103_PT1714_SUB9_T258433_2026.pdf,Fresh historical analytical property visura; does not recreate the source PDF original date/protocol.
visura-storica,Ravenna,RAVENNA,104,1737,168,F,,analitica,vi_sto_RA_FG104_PT1737_SUB168.pdf; vi_sto_RA_FG104_PT1737_SUB168_T380397_2026.pdf,Fresh historical analytical property visura; does not recreate the source PDF original date/protocol.
visura-storica,Ravenna,RAVENNA,2,246,,T,,analitica,vi_sto_ter_RA_SAVIO_FG002_PT246.pdf,Fresh historical analytical property visura; does not recreate the source PDF original date/protocol.
